{"is_source_file": false, "format": "", "description": "", "external_files": [], "external_methods": [], "published": [], "classes": [], "methods": [], "calls": [], "search-terms": [], "state": 2, "file_id": 1, "knowledge_revision": 6, "git_revision": "d4b8d5ab57c0a78c2cfcd0fb955341e96cd4588a", "hash": "d1c6c18b20a64340086239cd85a62d04", "format-version": 4, "code-base-name": "travel_planner_backend", "filename": "README.md", "revision_history": [{"6": "d4b8d5ab57c0a78c2cfcd0fb955341e96cd4588a"}]}