{"is_source_file": true, "format": "Python", "description": "This file defines SQLAlchemy ORM models for the Travel Planner application's backend, detailing data structures such as User, Trip, Destination, Accommodation, Activity, Itinerary, and Notes, including their relationships and database schema details.", "external_files": ["sqlalchemy", "sqlalchemy.dialects.postgresql"], "external_methods": ["func.now()", "uuid.uuid4"], "published": ["Base", "User", "Trip", "TripDestination", "ItineraryDay", "Accommodation", "Activity", "ItineraryItem", "Note"], "classes": [{"name": "Base", "description": "Declarative base class for SQLAlchemy models."}, {"name": "User", "description": "Represents application users with fields for email, name, and creation timestamp, and a relationship to trips."}, {"name": "Trip", "description": "Represents a trip with attributes like name, dates, timezone, and relationships to destinations, days, accommodations, activities, and notes."}, {"name": "TripDestination", "description": "Represents a destination associated with a trip, including details like country and date range."}, {"name": "ItineraryDay", "description": "Represents a specific day within a trip itinerary, linked to multiple itinerary items."}, {"name": "Accommodation", "description": "Details about a place of stay for a trip, including address, check-in/out, and related trip."}, {"name": "Activity", "description": "Embodies an activity within a trip, with timing, location, cost, and relationships to destinations and days."}, {"name": "ItineraryItem", "description": "Scheduling unit within an itinerary day, can be an activity, accommodation, or custom item."}, {"name": "Note", "description": "Free-form notes related to a trip, optional link to destinations and days."}], "methods": [{"name": "func.now()", "description": "Function from SQLAlchemy to get current timestamp for default values."}, {"name": "uuid.uuid4", "description": "Generates a new UUID for primary key fields."}], "calls": ["func.now()", "uuid.uuid4"], "search-terms": ["Travel Planner ORM models", "SQLAlchemy models", "TripDestination", "ItineraryDay", "Accommodation", "Activity", "Note", "User model"], "state": 2, "file_id": 6, "knowledge_revision": 13, "git_revision": "", "ctags": [{"_type": "tag", "name": "Accommodation", "path": "/home/kavia/workspace/code-generation/travel-planner-pro-281204-281213/travel_planner_backend/src/api/models.py", "pattern": "/^class Accommodation(Base):$/", "language": "Python", "kind": "class"}, {"_type": "tag", "name": "Activity", "path": "/home/kavia/workspace/code-generation/travel-planner-pro-281204-281213/travel_planner_backend/src/api/models.py", "pattern": "/^class Activity(Base):$/", "language": "Python", "kind": "class"}, {"_type": "tag", "name": "Base", "path": "/home/kavia/workspace/code-generation/travel-planner-pro-281204-281213/travel_planner_backend/src/api/models.py", "pattern": "/^class Base(DeclarativeBase):$/", "language": "Python", "kind": "class"}, {"_type": "tag", "name": "ItineraryDay", "path": "/home/kavia/workspace/code-generation/travel-planner-pro-281204-281213/travel_planner_backend/src/api/models.py", "pattern": "/^class ItineraryDay(Base):$/", "language": "Python", "kind": "class"}, {"_type": "tag", "name": "ItineraryItem", "path": "/home/kavia/workspace/code-generation/travel-planner-pro-281204-281213/travel_planner_backend/src/api/models.py", "pattern": "/^class ItineraryItem(Base):$/", "language": "Python", "kind": "class"}, {"_type": "tag", "name": "Note", "path": "/home/kavia/workspace/code-generation/travel-planner-pro-281204-281213/travel_planner_backend/src/api/models.py", "pattern": "/^class Note(Base):$/", "language": "Python", "kind": "class"}, {"_type": "tag", "name": "Trip", "path": "/home/kavia/workspace/code-generation/travel-planner-pro-281204-281213/travel_planner_backend/src/api/models.py", "pattern": "/^class Trip(Base):$/", "language": "Python", "kind": "class"}, {"_type": "tag", "name": "TripDestination", "path": "/home/kavia/workspace/code-generation/travel-planner-pro-281204-281213/travel_planner_backend/src/api/models.py", "pattern": "/^class TripDestination(Base):$/", "language": "Python", "kind": "class"}, {"_type": "tag", "name": "User", "path": "/home/kavia/workspace/code-generation/travel-planner-pro-281204-281213/travel_planner_backend/src/api/models.py", "pattern": "/^class User(Base):$/", "language": "Python", "kind": "class"}, {"_type": "tag", "name": "__table_args__", "path": "/home/kavia/workspace/code-generation/travel-planner-pro-281204-281213/travel_planner_backend/src/api/models.py", "pattern": "/^    __table_args__ = (UniqueConstraint(\"trip_id\", \"day_date\", name=\"uq_itinerary_days_trip_day_d/", "file": true, "language": "Python", "kind": "variable", "scope": "ItineraryDay", "scopeKind": "class"}, {"_type": "tag", "name": "__tablename__", "path": "/home/kavia/workspace/code-generation/travel-planner-pro-281204-281213/travel_planner_backend/src/api/models.py", "pattern": "/^    __tablename__ = \"accommodations\"$/", "file": true, "language": "Python", "kind": "variable", "scope": "Accommodation", "scopeKind": "class"}, {"_type": "tag", "name": "__tablename__", "path": "/home/kavia/workspace/code-generation/travel-planner-pro-281204-281213/travel_planner_backend/src/api/models.py", "pattern": "/^    __tablename__ = \"activities\"$/", "file": true, "language": "Python", "kind": "variable", "scope": "Activity", "scopeKind": "class"}, {"_type": "tag", "name": "__tablename__", "path": "/home/kavia/workspace/code-generation/travel-planner-pro-281204-281213/travel_planner_backend/src/api/models.py", "pattern": "/^    __tablename__ = \"itinerary_days\"$/", "file": true, "language": "Python", "kind": "variable", "scope": "ItineraryDay", "scopeKind": "class"}, {"_type": "tag", "name": "__tablename__", "path": "/home/kavia/workspace/code-generation/travel-planner-pro-281204-281213/travel_planner_backend/src/api/models.py", "pattern": "/^    __tablename__ = \"itinerary_items\"$/", "file": true, "language": "Python", "kind": "variable", "scope": "ItineraryItem", "scopeKind": "class"}, {"_type": "tag", "name": "__tablename__", "path": "/home/kavia/workspace/code-generation/travel-planner-pro-281204-281213/travel_planner_backend/src/api/models.py", "pattern": "/^    __tablename__ = \"notes\"$/", "file": true, "language": "Python", "kind": "variable", "scope": "Note", "scopeKind": "class"}, {"_type": "tag", "name": "__tablename__", "path": "/home/kavia/workspace/code-generation/travel-planner-pro-281204-281213/travel_planner_backend/src/api/models.py", "pattern": "/^    __tablename__ = \"trip_destinations\"$/", "file": true, "language": "Python", "kind": "variable", "scope": "TripDestination", "scopeKind": "class"}, {"_type": "tag", "name": "__tablename__", "path": "/home/kavia/workspace/code-generation/travel-planner-pro-281204-281213/travel_planner_backend/src/api/models.py", "pattern": "/^    __tablename__ = \"trips\"$/", "file": true, "language": "Python", "kind": "variable", "scope": "Trip", "scopeKind": "class"}, {"_type": "tag", "name": "__tablename__", "path": "/home/kavia/workspace/code-generation/travel-planner-pro-281204-281213/travel_planner_backend/src/api/models.py", "pattern": "/^    __tablename__ = \"users\"$/", "file": true, "language": "Python", "kind": "variable", "scope": "User", "scopeKind": "class"}, {"_type": "tag", "name": "accommodation_id", "path": "/home/kavia/workspace/code-generation/travel-planner-pro-281204-281213/travel_planner_backend/src/api/models.py", "pattern": "/^    accommodation_id: Mapped[Optional[uuid.UUID]] = mapped_column(UUID(as_uuid=True), ForeignKey/", "language": "Python", "typeref": "typename:Mapped[Optional[uuid.UUID]]", "kind": "variable", "scope": "ItineraryItem", "scopeKind": "class"}, {"_type": "tag", "name": "accommodations", "path": "/home/kavia/workspace/code-generation/travel-planner-pro-281204-281213/travel_planner_backend/src/api/models.py", "pattern": "/^    accommodations: Mapped[list[\"Accommodation\"]] = relationship(back_populates=\"trip\", cascade=/", "language": "Python", "typeref": "typename:Mapped[list[\"Accommodation\"]]", "kind": "variable", "scope": "Trip", "scopeKind": "class"}, {"_type": "tag", "name": "activities", "path": "/home/kavia/workspace/code-generation/travel-planner-pro-281204-281213/travel_planner_backend/src/api/models.py", "pattern": "/^    activities: Mapped[list[\"Activity\"]] = relationship(back_populates=\"trip\", cascade=\"all, del/", "language": "Python", "typeref": "typename:Mapped[list[\"Activity\"]]", "kind": "variable", "scope": "Trip", "scopeKind": "class"}, {"_type": "tag", "name": "activity_id", "path": "/home/kavia/workspace/code-generation/travel-planner-pro-281204-281213/travel_planner_backend/src/api/models.py", "pattern": "/^    activity_id: Mapped[Optional[uuid.UUID]] = mapped_column(UUID(as_uuid=True), ForeignKey(\"act/", "language": "Python", "typeref": "typename:Mapped[Optional[uuid.UUID]]", "kind": "variable", "scope": "ItineraryItem", "scopeKind": "class"}, {"_type": "tag", "name": "address", "path": "/home/kavia/workspace/code-generation/travel-planner-pro-281204-281213/travel_planner_backend/src/api/models.py", "pattern": "/^    address: Mapped[Optional[str]] = mapped_column(Text, nullable=True)$/", "language": "Python", "typeref": "typename:Mapped[Optional[str]]", "kind": "variable", "scope": "Accommodation", "scopeKind": "class"}, {"_type": "tag", "name": "booking_url", "path": "/home/kavia/workspace/code-generation/travel-planner-pro-281204-281213/travel_planner_backend/src/api/models.py", "pattern": "/^    booking_url: Mapped[Optional[str]] = mapped_column(Text, nullable=True)$/", "language": "Python", "typeref": "typename:Mapped[Optional[str]]", "kind": "variable", "scope": "Accommodation", "scopeKind": "class"}, {"_type": "tag", "name": "booking_url", "path": "/home/kavia/workspace/code-generation/travel-planner-pro-281204-281213/travel_planner_backend/src/api/models.py", "pattern": "/^    booking_url: Mapped[Optional[str]] = mapped_column(Text, nullable=True)$/", "language": "Python", "typeref": "typename:Mapped[Optional[str]]", "kind": "variable", "scope": "Activity", "scopeKind": "class"}, {"_type": "tag", "name": "check_in", "path": "/home/kavia/workspace/code-generation/travel-planner-pro-281204-281213/travel_planner_backend/src/api/models.py", "pattern": "/^    check_in: Mapped[Optional[datetime]] = mapped_column(DateTime(timezone=True), nullable=True)$/", "language": "Python", "typeref": "typename:Mapped[Optional[datetime]]", "kind": "variable", "scope": "Accommodation", "scopeKind": "class"}, {"_type": "tag", "name": "check_out", "path": "/home/kavia/workspace/code-generation/travel-planner-pro-281204-281213/travel_planner_backend/src/api/models.py", "pattern": "/^    check_out: Mapped[Optional[datetime]] = mapped_column(DateTime(timezone=True), nullable=True/", "language": "Python", "typeref": "typename:Mapped[Optional[datetime]]", "kind": "variable", "scope": "Accommodation", "scopeKind": "class"}, {"_type": "tag", "name": "confirmation_number", "path": "/home/kavia/workspace/code-generation/travel-planner-pro-281204-281213/travel_planner_backend/src/api/models.py", "pattern": "/^    confirmation_number: Mapped[Optional[str]] = mapped_column(Text, nullable=True)$/", "language": "Python", "typeref": "typename:Mapped[Optional[str]]", "kind": "variable", "scope": "Accommodation", "scopeKind": "class"}, {"_type": "tag", "name": "content", "path": "/home/kavia/workspace/code-generation/travel-planner-pro-281204-281213/travel_planner_backend/src/api/models.py", "pattern": "/^    content: Mapped[str] = mapped_column(Text, nullable=False)$/", "language": "Python", "typeref": "typename:Mapped[str]", "kind": "variable", "scope": "Note", "scopeKind": "class"}, {"_type": "tag", "name": "cost", "path": "/home/kavia/workspace/code-generation/travel-planner-pro-281204-281213/travel_planner_backend/src/api/models.py", "pattern": "/^    cost: Mapped[Optional[float]] = mapped_column(Numeric(12, 2), nullable=True)$/", "language": "Python", "typeref": "typename:Mapped[Optional[float]]", "kind": "variable", "scope": "Activity", "scopeKind": "class"}, {"_type": "tag", "name": "country", "path": "/home/kavia/workspace/code-generation/travel-planner-pro-281204-281213/travel_planner_backend/src/api/models.py", "pattern": "/^    country: Mapped[Optional[str]] = mapped_column(Text, nullable=True)$/", "language": "Python", "typeref": "typename:Mapped[Optional[str]]", "kind": "variable", "scope": "TripDestination", "scopeKind": "class"}, {"_type": "tag", "name": "created_at", "path": "/home/kavia/workspace/code-generation/travel-planner-pro-281204-281213/travel_planner_backend/src/api/models.py", "pattern": "/^    created_at: Mapped[datetime] = mapped_column(DateTime(timezone=True), server_default=func.no/", "language": "Python", "typeref": "typename:Mapped[datetime]", "kind": "variable", "scope": "Accommodation", "scopeKind": "class"}, {"_type": "tag", "name": "created_at", "path": "/home/kavia/workspace/code-generation/travel-planner-pro-281204-281213/travel_planner_backend/src/api/models.py", "pattern": "/^    created_at: Mapped[datetime] = mapped_column(DateTime(timezone=True), server_default=func.no/", "language": "Python", "typeref": "typename:Mapped[datetime]", "kind": "variable", "scope": "Activity", "scopeKind": "class"}, {"_type": "tag", "name": "created_at", "path": "/home/kavia/workspace/code-generation/travel-planner-pro-281204-281213/travel_planner_backend/src/api/models.py", "pattern": "/^    created_at: Mapped[datetime] = mapped_column(DateTime(timezone=True), server_default=func.no/", "language": "Python", "typeref": "typename:Mapped[datetime]", "kind": "variable", "scope": "ItineraryDay", "scopeKind": "class"}, {"_type": "tag", "name": "created_at", "path": "/home/kavia/workspace/code-generation/travel-planner-pro-281204-281213/travel_planner_backend/src/api/models.py", "pattern": "/^    created_at: Mapped[datetime] = mapped_column(DateTime(timezone=True), server_default=func.no/", "language": "Python", "typeref": "typename:Mapped[datetime]", "kind": "variable", "scope": "ItineraryItem", "scopeKind": "class"}, {"_type": "tag", "name": "created_at", "path": "/home/kavia/workspace/code-generation/travel-planner-pro-281204-281213/travel_planner_backend/src/api/models.py", "pattern": "/^    created_at: Mapped[datetime] = mapped_column(DateTime(timezone=True), server_default=func.no/", "language": "Python", "typeref": "typename:Mapped[datetime]", "kind": "variable", "scope": "Note", "scopeKind": "class"}, {"_type": "tag", "name": "created_at", "path": "/home/kavia/workspace/code-generation/travel-planner-pro-281204-281213/travel_planner_backend/src/api/models.py", "pattern": "/^    created_at: Mapped[datetime] = mapped_column(DateTime(timezone=True), server_default=func.no/", "language": "Python", "typeref": "typename:Mapped[datetime]", "kind": "variable", "scope": "Trip", "scopeKind": "class"}, {"_type": "tag", "name": "created_at", "path": "/home/kavia/workspace/code-generation/travel-planner-pro-281204-281213/travel_planner_backend/src/api/models.py", "pattern": "/^    created_at: Mapped[datetime] = mapped_column(DateTime(timezone=True), server_default=func.no/", "language": "Python", "typeref": "typename:Mapped[datetime]", "kind": "variable", "scope": "TripDestination", "scopeKind": "class"}, {"_type": "tag", "name": "created_at", "path": "/home/kavia/workspace/code-generation/travel-planner-pro-281204-281213/travel_planner_backend/src/api/models.py", "pattern": "/^    created_at: Mapped[datetime] = mapped_column(DateTime(timezone=True), server_default=func.no/", "language": "Python", "typeref": "typename:Mapped[datetime]", "kind": "variable", "scope": "User", "scopeKind": "class"}, {"_type": "tag", "name": "day", "path": "/home/kavia/workspace/code-generation/travel-planner-pro-281204-281213/travel_planner_backend/src/api/models.py", "pattern": "/^    day: Mapped[\"ItineraryDay\"] = relationship(back_populates=\"items\")$/", "language": "Python", "typeref": "typename:Mapped[\"ItineraryDay\"]", "kind": "variable", "scope": "ItineraryItem", "scopeKind": "class"}, {"_type": "tag", "name": "day_date", "path": "/home/kavia/workspace/code-generation/travel-planner-pro-281204-281213/travel_planner_backend/src/api/models.py", "pattern": "/^    day_date: Mapped[date] = mapped_column(Date, nullable=False)$/", "language": "Python", "typeref": "typename:Mapped[date]", "kind": "variable", "scope": "ItineraryDay", "scopeKind": "class"}, {"_type": "tag", "name": "day_id", "path": "/home/kavia/workspace/code-generation/travel-planner-pro-281204-281213/travel_planner_backend/src/api/models.py", "pattern": "/^    day_id: Mapped[Optional[uuid.UUID]] = mapped_column(UUID(as_uuid=True), ForeignKey(\"itinerar/", "language": "Python", "typeref": "typename:Mapped[Optional[uuid.UUID]]", "kind": "variable", "scope": "Activity", "scopeKind": "class"}, {"_type": "tag", "name": "day_id", "path": "/home/kavia/workspace/code-generation/travel-planner-pro-281204-281213/travel_planner_backend/src/api/models.py", "pattern": "/^    day_id: Mapped[Optional[uuid.UUID]] = mapped_column(UUID(as_uuid=True), ForeignKey(\"itinerar/", "language": "Python", "typeref": "typename:Mapped[Optional[uuid.UUID]]", "kind": "variable", "scope": "Note", "scopeKind": "class"}, {"_type": "tag", "name": "day_id", "path": "/home/kavia/workspace/code-generation/travel-planner-pro-281204-281213/travel_planner_backend/src/api/models.py", "pattern": "/^    day_id: Mapped[uuid.UUID] = mapped_column(UUID(as_uuid=True), ForeignKey(\"itinerary_days.id\"/", "language": "Python", "typeref": "typename:Mapped[uuid.UUID]", "kind": "variable", "scope": "ItineraryItem", "scopeKind": "class"}, {"_type": "tag", "name": "days", "path": "/home/kavia/workspace/code-generation/travel-planner-pro-281204-281213/travel_planner_backend/src/api/models.py", "pattern": "/^    days: Mapped[list[\"ItineraryDay\"]] = relationship(back_populates=\"trip\", cascade=\"all, delet/", "language": "Python", "typeref": "typename:Mapped[list[\"ItineraryDay\"]]", "kind": "variable", "scope": "Trip", "scopeKind": "class"}, {"_type": "tag", "name": "destination_id", "path": "/home/kavia/workspace/code-generation/travel-planner-pro-281204-281213/travel_planner_backend/src/api/models.py", "pattern": "/^    destination_id: Mapped[Optional[uuid.UUID]] = mapped_column(UUID(as_uuid=True), ForeignKey(\"/", "language": "Python", "typeref": "typename:Mapped[Optional[uuid.UUID]]", "kind": "variable", "scope": "Accommodation", "scopeKind": "class"}, {"_type": "tag", "name": "destination_id", "path": "/home/kavia/workspace/code-generation/travel-planner-pro-281204-281213/travel_planner_backend/src/api/models.py", "pattern": "/^    destination_id: Mapped[Optional[uuid.UUID]] = mapped_column(UUID(as_uuid=True), ForeignKey(\"/", "language": "Python", "typeref": "typename:Mapped[Optional[uuid.UUID]]", "kind": "variable", "scope": "Activity", "scopeKind": "class"}, {"_type": "tag", "name": "destination_id", "path": "/home/kavia/workspace/code-generation/travel-planner-pro-281204-281213/travel_planner_backend/src/api/models.py", "pattern": "/^    destination_id: Mapped[Optional[uuid.UUID]] = mapped_column(UUID(as_uuid=True), ForeignKey(\"/", "language": "Python", "typeref": "typename:Mapped[Optional[uuid.UUID]]", "kind": "variable", "scope": "Note", "scopeKind": "class"}, {"_type": "tag", "name": "destinations", "path": "/home/kavia/workspace/code-generation/travel-planner-pro-281204-281213/travel_planner_backend/src/api/models.py", "pattern": "/^    destinations: Mapped[list[\"TripDestination\"]] = relationship(back_populates=\"trip\", cascade=/", "language": "Python", "typeref": "typename:Mapped[list[\"TripDestination\"]]", "kind": "variable", "scope": "Trip", "scopeKind": "class"}, {"_type": "tag", "name": "details", "path": "/home/kavia/workspace/code-generation/travel-planner-pro-281204-281213/travel_planner_backend/src/api/models.py", "pattern": "/^    details: Mapped[Optional[str]] = mapped_column(Text, nullable=True)$/", "language": "Python", "typeref": "typename:Mapped[Optional[str]]", "kind": "variable", "scope": "ItineraryItem", "scopeKind": "class"}, {"_type": "tag", "name": "email", "path": "/home/kavia/workspace/code-generation/travel-planner-pro-281204-281213/travel_planner_backend/src/api/models.py", "pattern": "/^    email: Mapped[str] = mapped_column(Text, unique=True, nullable=False)$/", "language": "Python", "typeref": "typename:Mapped[str]", "kind": "variable", "scope": "User", "scopeKind": "class"}, {"_type": "tag", "name": "end_date", "path": "/home/kavia/workspace/code-generation/travel-planner-pro-281204-281213/travel_planner_backend/src/api/models.py", "pattern": "/^    end_date: Mapped[Optional[date]] = mapped_column(Date, nullable=True)$/", "language": "Python", "typeref": "typename:Mapped[Optional[date]]", "kind": "variable", "scope": "Trip", "scopeKind": "class"}, {"_type": "tag", "name": "end_date", "path": "/home/kavia/workspace/code-generation/travel-planner-pro-281204-281213/travel_planner_backend/src/api/models.py", "pattern": "/^    end_date: Mapped[Optional[date]] = mapped_column(Date, nullable=True)$/", "language": "Python", "typeref": "typename:Mapped[Optional[date]]", "kind": "variable", "scope": "TripDestination", "scopeKind": "class"}, {"_type": "tag", "name": "end_time", "path": "/home/kavia/workspace/code-generation/travel-planner-pro-281204-281213/travel_planner_backend/src/api/models.py", "pattern": "/^    end_time: Mapped[Optional[datetime]] = mapped_column(DateTime(timezone=True), nullable=True)$/", "language": "Python", "typeref": "typename:Mapped[Optional[datetime]]", "kind": "variable", "scope": "Activity", "scopeKind": "class"}, {"_type": "tag", "name": "end_time", "path": "/home/kavia/workspace/code-generation/travel-planner-pro-281204-281213/travel_planner_backend/src/api/models.py", "pattern": "/^    end_time: Mapped[Optional[datetime]] = mapped_column(DateTime(timezone=True), nullable=True)$/", "language": "Python", "typeref": "typename:Mapped[Optional[datetime]]", "kind": "variable", "scope": "ItineraryItem", "scopeKind": "class"}, {"_type": "tag", "name": "full_name", "path": "/home/kavia/workspace/code-generation/travel-planner-pro-281204-281213/travel_planner_backend/src/api/models.py", "pattern": "/^    full_name: Mapped[str] = mapped_column(Text, nullable=False)$/", "language": "Python", "typeref": "typename:Mapped[str]", "kind": "variable", "scope": "User", "scopeKind": "class"}, {"_type": "tag", "name": "home_timezone", "path": "/home/kavia/workspace/code-generation/travel-planner-pro-281204-281213/travel_planner_backend/src/api/models.py", "pattern": "/^    home_timezone: Mapped[Optional[str]] = mapped_column(Text, nullable=True)$/", "language": "Python", "typeref": "typename:Mapped[Optional[str]]", "kind": "variable", "scope": "Trip", "scopeKind": "class"}, {"_type": "tag", "name": "id", "path": "/home/kavia/workspace/code-generation/travel-planner-pro-281204-281213/travel_planner_backend/src/api/models.py", "pattern": "/^    id: Mapped[uuid.UUID] = mapped_column(UUID(as_uuid=True), primary_key=True, default=uuid.uui/", "language": "Python", "typeref": "typename:Mapped[uuid.UUID]", "kind": "variable", "scope": "Accommodation", "scopeKind": "class"}, {"_type": "tag", "name": "id", "path": "/home/kavia/workspace/code-generation/travel-planner-pro-281204-281213/travel_planner_backend/src/api/models.py", "pattern": "/^    id: Mapped[uuid.UUID] = mapped_column(UUID(as_uuid=True), primary_key=True, default=uuid.uui/", "language": "Python", "typeref": "typename:Mapped[uuid.UUID]", "kind": "variable", "scope": "Activity", "scopeKind": "class"}, {"_type": "tag", "name": "id", "path": "/home/kavia/workspace/code-generation/travel-planner-pro-281204-281213/travel_planner_backend/src/api/models.py", "pattern": "/^    id: Mapped[uuid.UUID] = mapped_column(UUID(as_uuid=True), primary_key=True, default=uuid.uui/", "language": "Python", "typeref": "typename:Mapped[uuid.UUID]", "kind": "variable", "scope": "ItineraryDay", "scopeKind": "class"}, {"_type": "tag", "name": "id", "path": "/home/kavia/workspace/code-generation/travel-planner-pro-281204-281213/travel_planner_backend/src/api/models.py", "pattern": "/^    id: Mapped[uuid.UUID] = mapped_column(UUID(as_uuid=True), primary_key=True, default=uuid.uui/", "language": "Python", "typeref": "typename:Mapped[uuid.UUID]", "kind": "variable", "scope": "ItineraryItem", "scopeKind": "class"}, {"_type": "tag", "name": "id", "path": "/home/kavia/workspace/code-generation/travel-planner-pro-281204-281213/travel_planner_backend/src/api/models.py", "pattern": "/^    id: Mapped[uuid.UUID] = mapped_column(UUID(as_uuid=True), primary_key=True, default=uuid.uui/", "language": "Python", "typeref": "typename:Mapped[uuid.UUID]", "kind": "variable", "scope": "Note", "scopeKind": "class"}, {"_type": "tag", "name": "id", "path": "/home/kavia/workspace/code-generation/travel-planner-pro-281204-281213/travel_planner_backend/src/api/models.py", "pattern": "/^    id: Mapped[uuid.UUID] = mapped_column(UUID(as_uuid=True), primary_key=True, default=uuid.uui/", "language": "Python", "typeref": "typename:Mapped[uuid.UUID]", "kind": "variable", "scope": "Trip", "scopeKind": "class"}, {"_type": "tag", "name": "id", "path": "/home/kavia/workspace/code-generation/travel-planner-pro-281204-281213/travel_planner_backend/src/api/models.py", "pattern": "/^    id: Mapped[uuid.UUID] = mapped_column(UUID(as_uuid=True), primary_key=True, default=uuid.uui/", "language": "Python", "typeref": "typename:Mapped[uuid.UUID]", "kind": "variable", "scope": "TripDestination", "scopeKind": "class"}, {"_type": "tag", "name": "id", "path": "/home/kavia/workspace/code-generation/travel-planner-pro-281204-281213/travel_planner_backend/src/api/models.py", "pattern": "/^    id: Mapped[uuid.UUID] = mapped_column(UUID(as_uuid=True), primary_key=True, default=uuid.uui/", "language": "Python", "typeref": "typename:Mapped[uuid.UUID]", "kind": "variable", "scope": "User", "scopeKind": "class"}, {"_type": "tag", "name": "item_type", "path": "/home/kavia/workspace/code-generation/travel-planner-pro-281204-281213/travel_planner_backend/src/api/models.py", "pattern": "/^    item_type: Mapped[str] = mapped_column(String(32), nullable=False)  # activity, accommodatio/", "language": "Python", "typeref": "typename:Mapped[str]", "kind": "variable", "scope": "ItineraryItem", "scopeKind": "class"}, {"_type": "tag", "name": "items", "path": "/home/kavia/workspace/code-generation/travel-planner-pro-281204-281213/travel_planner_backend/src/api/models.py", "pattern": "/^    items: Mapped[list[\"ItineraryItem\"]] = relationship(back_populates=\"day\", cascade=\"all, dele/", "language": "Python", "typeref": "typename:Mapped[list[\"ItineraryItem\"]]", "kind": "variable", "scope": "ItineraryDay", "scopeKind": "class"}, {"_type": "tag", "name": "location", "path": "/home/kavia/workspace/code-generation/travel-planner-pro-281204-281213/travel_planner_backend/src/api/models.py", "pattern": "/^    location: Mapped[Optional[str]] = mapped_column(Text, nullable=True)$/", "language": "Python", "typeref": "typename:Mapped[Optional[str]]", "kind": "variable", "scope": "Activity", "scopeKind": "class"}, {"_type": "tag", "name": "name", "path": "/home/kavia/workspace/code-generation/travel-planner-pro-281204-281213/travel_planner_backend/src/api/models.py", "pattern": "/^    name: Mapped[str] = mapped_column(Text, nullable=False)$/", "language": "Python", "typeref": "typename:Mapped[str]", "kind": "variable", "scope": "Accommodation", "scopeKind": "class"}, {"_type": "tag", "name": "name", "path": "/home/kavia/workspace/code-generation/travel-planner-pro-281204-281213/travel_planner_backend/src/api/models.py", "pattern": "/^    name: Mapped[str] = mapped_column(Text, nullable=False)$/", "language": "Python", "typeref": "typename:Mapped[str]", "kind": "variable", "scope": "Activity", "scopeKind": "class"}, {"_type": "tag", "name": "name", "path": "/home/kavia/workspace/code-generation/travel-planner-pro-281204-281213/travel_planner_backend/src/api/models.py", "pattern": "/^    name: Mapped[str] = mapped_column(Text, nullable=False)$/", "language": "Python", "typeref": "typename:Mapped[str]", "kind": "variable", "scope": "Trip", "scopeKind": "class"}, {"_type": "tag", "name": "name", "path": "/home/kavia/workspace/code-generation/travel-planner-pro-281204-281213/travel_planner_backend/src/api/models.py", "pattern": "/^    name: Mapped[str] = mapped_column(Text, nullable=False)$/", "language": "Python", "typeref": "typename:Mapped[str]", "kind": "variable", "scope": "TripDestination", "scopeKind": "class"}, {"_type": "tag", "name": "notes", "path": "/home/kavia/workspace/code-generation/travel-planner-pro-281204-281213/travel_planner_backend/src/api/models.py", "pattern": "/^    notes: Mapped[Optional[str]] = mapped_column(Text, nullable=True)$/", "language": "Python", "typeref": "typename:Mapped[Optional[str]]", "kind": "variable", "scope": "Accommodation", "scopeKind": "class"}, {"_type": "tag", "name": "notes", "path": "/home/kavia/workspace/code-generation/travel-planner-pro-281204-281213/travel_planner_backend/src/api/models.py", "pattern": "/^    notes: Mapped[Optional[str]] = mapped_column(Text, nullable=True)$/", "language": "Python", "typeref": "typename:Mapped[Optional[str]]", "kind": "variable", "scope": "Activity", "scopeKind": "class"}, {"_type": "tag", "name": "notes", "path": "/home/kavia/workspace/code-generation/travel-planner-pro-281204-281213/travel_planner_backend/src/api/models.py", "pattern": "/^    notes: Mapped[list[\"Note\"]] = relationship(back_populates=\"trip\", cascade=\"all, delete-orpha/", "language": "Python", "typeref": "typename:Mapped[list[\"Note\"]]", "kind": "variable", "scope": "Trip", "scopeKind": "class"}, {"_type": "tag", "name": "phone", "path": "/home/kavia/workspace/code-generation/travel-planner-pro-281204-281213/travel_planner_backend/src/api/models.py", "pattern": "/^    phone: Mapped[Optional[str]] = mapped_column(Text, nullable=True)$/", "language": "Python", "typeref": "typename:Mapped[Optional[str]]", "kind": "variable", "scope": "Accommodation", "scopeKind": "class"}, {"_type": "tag", "name": "sort_order", "path": "/home/kavia/workspace/code-generation/travel-planner-pro-281204-281213/travel_planner_backend/src/api/models.py", "pattern": "/^    sort_order: Mapped[int] = mapped_column(Integer, nullable=False, default=0)$/", "language": "Python", "typeref": "typename:Mapped[int]", "kind": "variable", "scope": "ItineraryItem", "scopeKind": "class"}, {"_type": "tag", "name": "sort_order", "path": "/home/kavia/workspace/code-generation/travel-planner-pro-281204-281213/travel_planner_backend/src/api/models.py", "pattern": "/^    sort_order: Mapped[int] = mapped_column(Integer, nullable=False, default=0)$/", "language": "Python", "typeref": "typename:Mapped[int]", "kind": "variable", "scope": "TripDestination", "scopeKind": "class"}, {"_type": "tag", "name": "start_date", "path": "/home/kavia/workspace/code-generation/travel-planner-pro-281204-281213/travel_planner_backend/src/api/models.py", "pattern": "/^    start_date: Mapped[Optional[date]] = mapped_column(Date, nullable=True)$/", "language": "Python", "typeref": "typename:Mapped[Optional[date]]", "kind": "variable", "scope": "Trip", "scopeKind": "class"}, {"_type": "tag", "name": "start_date", "path": "/home/kavia/workspace/code-generation/travel-planner-pro-281204-281213/travel_planner_backend/src/api/models.py", "pattern": "/^    start_date: Mapped[Optional[date]] = mapped_column(Date, nullable=True)$/", "language": "Python", "typeref": "typename:Mapped[Optional[date]]", "kind": "variable", "scope": "TripDestination", "scopeKind": "class"}, {"_type": "tag", "name": "start_time", "path": "/home/kavia/workspace/code-generation/travel-planner-pro-281204-281213/travel_planner_backend/src/api/models.py", "pattern": "/^    start_time: Mapped[Optional[datetime]] = mapped_column(DateTime(timezone=True), nullable=Tru/", "language": "Python", "typeref": "typename:Mapped[Optional[datetime]]", "kind": "variable", "scope": "Activity", "scopeKind": "class"}], "hash": "ae4faa7986a4675b90ebc7a32f1b9c83", "format-version": 4, "code-base-name": "travel_planner_backend", "filename": "travel_planner_backend/src/api/models.py", "fields": [{"name": "__table_args__ = (UniqueConstraint(\"trip_id\", \"day_date\", name=\"uq_itinerary_days_trip_day_d/", "scope": "ItineraryDay", "scopeKind": "class", "description": "unavailable"}, {"name": "__tablename__ = \"accommodations\"", "scope": "Accommodation", "scopeKind": "class", "description": "unavailable"}, {"name": "__tablename__ = \"activities\"", "scope": "Activity", "scopeKind": "class", "description": "unavailable"}, {"name": "__tablename__ = \"itinerary_days\"", "scope": "ItineraryDay", "scopeKind": "class", "description": "unavailable"}, {"name": "__tablename__ = \"itinerary_items\"", "scope": "ItineraryItem", "scopeKind": "class", "description": "unavailable"}, {"name": "__tablename__ = \"notes\"", "scope": "Note", "scopeKind": "class", "description": "unavailable"}, {"name": "__tablename__ = \"trip_destinations\"", "scope": "TripDestination", "scopeKind": "class", "description": "unavailable"}, {"name": "__tablename__ = \"trips\"", "scope": "Trip", "scopeKind": "class", "description": "unavailable"}, {"name": "__tablename__ = \"users\"", "scope": "User", "scopeKind": "class", "description": "unavailable"}, {"name": "Mapped[Optional[uuid.UUID]] accommodation_id", "scope": "ItineraryItem", "scopeKind": "class", "description": "unavailable"}, {"name": "Mapped[list[\"Accommodation\"]] accommodations", "scope": "Trip", "scopeKind": "class", "description": "unavailable"}, {"name": "Mapped[list[\"Activity\"]] activities", "scope": "Trip", "scopeKind": "class", "description": "unavailable"}, {"name": "Mapped[Optional[uuid.UUID]] activity_id", "scope": "ItineraryItem", "scopeKind": "class", "description": "unavailable"}, {"name": "Mapped[Optional[str]] address", "scope": "Accommodation", "scopeKind": "class", "description": "unavailable"}, {"name": "Mapped[Optional[str]] booking_url", "scope": "Accommodation", "scopeKind": "class", "description": "unavailable"}, {"name": "Mapped[Optional[datetime]] check_in", "scope": "Accommodation", "scopeKind": "class", "description": "unavailable"}, {"name": "Mapped[Optional[datetime]] check_out", "scope": "Accommodation", "scopeKind": "class", "description": "unavailable"}, {"name": "Mapped[Optional[str]] confirmation_number", "scope": "Accommodation", "scopeKind": "class", "description": "unavailable"}, {"name": "Mapped[str] content", "scope": "Note", "scopeKind": "class", "description": "unavailable"}, {"name": "Mapped[Optional[float]] cost", "scope": "Activity", "scopeKind": "class", "description": "unavailable"}, {"name": "Mapped[Optional[str]] country", "scope": "TripDestination", "scopeKind": "class", "description": "unavailable"}, {"name": "Mapped[datetime] created_at", "scope": "Accommodation", "scopeKind": "class", "description": "unavailable"}, {"name": "Mapped[\"ItineraryDay\"] day", "scope": "ItineraryItem", "scopeKind": "class", "description": "unavailable"}, {"name": "Mapped[date] day_date", "scope": "ItineraryDay", "scopeKind": "class", "description": "unavailable"}, {"name": "Mapped[Optional[uuid.UUID]] day_id", "scope": "Activity", "scopeKind": "class", "description": "unavailable"}, {"name": "Mapped[uuid.UUID] day_id", "scope": "ItineraryItem", "scopeKind": "class", "description": "unavailable"}, {"name": "Mapped[list[\"ItineraryDay\"]] days", "scope": "Trip", "scopeKind": "class", "description": "unavailable"}, {"name": "Mapped[Optional[uuid.UUID]] destination_id", "scope": "Accommodation", "scopeKind": "class", "description": "unavailable"}, {"name": "Mapped[list[\"TripDestination\"]] destinations", "scope": "Trip", "scopeKind": "class", "description": "unavailable"}, {"name": "Mapped[Optional[str]] details", "scope": "ItineraryItem", "scopeKind": "class", "description": "unavailable"}, {"name": "Mapped[str] email", "scope": "User", "scopeKind": "class", "description": "unavailable"}, {"name": "Mapped[Optional[date]] end_date", "scope": "Trip", "scopeKind": "class", "description": "unavailable"}, {"name": "Mapped[Optional[datetime]] end_time", "scope": "Activity", "scopeKind": "class", "description": "unavailable"}, {"name": "Mapped[str] full_name", "scope": "User", "scopeKind": "class", "description": "unavailable"}, {"name": "Mapped[Optional[str]] home_timezone", "scope": "Trip", "scopeKind": "class", "description": "unavailable"}, {"name": "Mapped[uuid.UUID] id", "scope": "Accommodation", "scopeKind": "class", "description": "unavailable"}, {"name": "Mapped[str] item_type", "scope": "ItineraryItem", "scopeKind": "class", "description": "unavailable"}, {"name": "Mapped[list[\"ItineraryItem\"]] items", "scope": "ItineraryDay", "scopeKind": "class", "description": "unavailable"}, {"name": "Mapped[Optional[str]] location", "scope": "Activity", "scopeKind": "class", "description": "unavailable"}, {"name": "Mapped[str] name", "scope": "Accommodation", "scopeKind": "class", "description": "unavailable"}, {"name": "Mapped[Optional[str]] notes", "scope": "Accommodation", "scopeKind": "class", "description": "unavailable"}, {"name": "Mapped[list[\"Note\"]] notes", "scope": "Trip", "scopeKind": "class", "description": "unavailable"}, {"name": "Mapped[Optional[str]] phone", "scope": "Accommodation", "scopeKind": "class", "description": "unavailable"}, {"name": "Mapped[int] sort_order", "scope": "ItineraryItem", "scopeKind": "class", "description": "unavailable"}, {"name": "Mapped[Optional[date]] start_date", "scope": "Trip", "scopeKind": "class", "description": "unavailable"}, {"name": "Mapped[Optional[datetime]] start_time", "scope": "Activity", "scopeKind": "class", "description": "unavailable"}], "revision_history": [{"13": ""}]}