{"is_source_file": true, "file_id": 3, "git_revision": "4bbd4ba6f7d5edfe03ba15b15c41fa86a520b432", "state": 3, "description": "", "external_files": [], "external_methods": [], "published": [], "classes": [], "methods": [], "calls": [], "search-terms": [], "ctags": [], "hash": null, "format-version": 4, "code-base-name": "travel_planner_backend", "filename": "travel_planner_backend/src/api/__init__.py", "knowledge_revision": 8, "revision_history": [{"8": "4bbd4ba6f7d5edfe03ba15b15c41fa86a520b432"}, {"17": "4bbd4ba6f7d5edfe03ba15b15c41fa86a520b432"}]}