{"is_source_file": true, "format": "Python", "description": "This file defines Pydantic schemas for the Travel Planner API, including request validation and response serialization classes such as User, Trip, Destination, Day, Accommodation, Activity, Note, Budget categories, and expenses.", "external_files": ["pydantic", "datetime", "typing", "uuid"], "external_methods": ["pydantic.Field", "pydantic.field_validator"], "published": ["ApiMessage", "UserCreate", "UserOut", "TripCreate", "TripUpdate", "TripOut", "DestinationCreate", "DestinationOut", "DayCreate", "DayOut", "AccommodationCreate", "AccommodationOut", "ActivityCreate", "ActivityOut", "NoteCreate", "NoteOut", "BudgetCategoryCreate", "BudgetCategoryUpdate", "BudgetCategoryOut", "BudgetExpenseCreate", "BudgetExpenseOut", "BudgetCategorySummary", "BudgetTotals", "BudgetSummaryOut"], "classes": [{"name": "ApiMessage", "description": "Generic message response schema."}, {"name": "UserCreate", "description": "Schema for creating a user with email and full name."}, {"name": "UserOut", "description": "Schema for returned user data including id, email, full name, and creation timestamp."}, {"name": "TripCreate", "description": "Schema for creating a trip, including user_id, name, start_date, end_date, and currency_code."}, {"name": "TripUpdate", "description": "Schema for updating trip details, all optional fields."}, {"name": "TripOut", "description": "Schema for trip data returned by the API, with timestamps."}, {"name": "DestinationCreate", "description": "Schema for adding a destination to a trip."}, {"name": "DestinationOut", "description": "Schema for destination details returned by the API."}, {"name": "DayCreate", "description": "Schema for creating an itinerary day."}, {"name": "DayOut", "description": "Schema for day details returned by the API."}, {"name": "AccommodationCreate", "description": "Schema for creating an accommodation record."}, {"name": "AccommodationOut", "description": "Schema for accommodation details returned by the API."}, {"name": "ActivityCreate", "description": "Schema for creating an activity."}, {"name": "ActivityOut", "description": "Schema for activity details returned by the API."}, {"name": "NoteCreate", "description": "Schema for creating a note."}, {"name": "NoteOut", "description": "Schema for note details returned by the API."}, {"name": "BudgetCategoryCreate", "description": "Schema for creating a budget category."}, {"name": "BudgetCategoryUpdate", "description": "Schema for updating a budget category."}, {"name": "BudgetCategoryOut", "description": "Schema for budget category data returned by API."}, {"name": "BudgetExpenseCreate", "description": "Schema for creating a budget expense."}, {"name": "BudgetExpenseOut", "description": "Schema for expense details returned by API."}, {"name": "BudgetCategorySummary", "description": "Summary for a single budget category."}, {"name": "BudgetTotals", "description": "Overall totals for a trip budget."}, {"name": "BudgetSummaryOut", "description": "Budget summary response including totals and per-category breakdown."}], "methods": [{"name": "str _normalize_currency_code(code: str)", "description": "Function to normalize and validate ISO-4217 currency codes.", "scope": "", "scopeKind": ""}], "calls": ["field_validator(\"currency_code\")", "field_validator(\"currency_code\")"], "search-terms": ["pydantic schemas", "Travel Planner API", "trip creation", "destination schema", "activity schema", "budget categories", "notes"], "state": 2, "file_id": 7, "knowledge_revision": 27, "git_revision": "38085ad01739e85576d98f75d86cddcc17f3bdb7", "revision_history": [{"15": ""}, {"20": "a1128d4908db42da4b3171694835e591cc976fe4"}, {"26": "38085ad01739e85576d98f75d86cddcc17f3bdb7"}, {"27": "38085ad01739e85576d98f75d86cddcc17f3bdb7"}], "ctags": [{"_type": "tag", "name": "AccommodationCreate", "path": "/home/kavia/workspace/code-generation/travel-planner-pro-281204-281213/travel_planner_backend/src/api/schemas.py", "pattern": "/^class AccommodationCreate(BaseModel):$/", "language": "Python", "kind": "class"}, {"_type": "tag", "name": "AccommodationOut", "path": "/home/kavia/workspace/code-generation/travel-planner-pro-281204-281213/travel_planner_backend/src/api/schemas.py", "pattern": "/^class AccommodationOut(BaseModel):$/", "language": "Python", "kind": "class"}, {"_type": "tag", "name": "ActivityCreate", "path": "/home/kavia/workspace/code-generation/travel-planner-pro-281204-281213/travel_planner_backend/src/api/schemas.py", "pattern": "/^class ActivityCreate(BaseModel):$/", "language": "Python", "kind": "class"}, {"_type": "tag", "name": "ActivityOut", "path": "/home/kavia/workspace/code-generation/travel-planner-pro-281204-281213/travel_planner_backend/src/api/schemas.py", "pattern": "/^class ActivityOut(BaseModel):$/", "language": "Python", "kind": "class"}, {"_type": "tag", "name": "ApiMessage", "path": "/home/kavia/workspace/code-generation/travel-planner-pro-281204-281213/travel_planner_backend/src/api/schemas.py", "pattern": "/^class ApiMessage(BaseModel):$/", "language": "Python", "kind": "class"}, {"_type": "tag", "name": "BudgetCategoryCreate", "path": "/home/kavia/workspace/code-generation/travel-planner-pro-281204-281213/travel_planner_backend/src/api/schemas.py", "pattern": "/^class BudgetCategoryCreate(BaseModel):$/", "language": "Python", "kind": "class"}, {"_type": "tag", "name": "BudgetCategoryOut", "path": "/home/kavia/workspace/code-generation/travel-planner-pro-281204-281213/travel_planner_backend/src/api/schemas.py", "pattern": "/^class BudgetCategoryOut(BaseModel):$/", "language": "Python", "kind": "class"}, {"_type": "tag", "name": "BudgetCategorySummary", "path": "/home/kavia/workspace/code-generation/travel-planner-pro-281204-281213/travel_planner_backend/src/api/schemas.py", "pattern": "/^class BudgetCategorySummary(BaseModel):$/", "language": "Python", "kind": "class"}, {"_type": "tag", "name": "BudgetCategoryUpdate", "path": "/home/kavia/workspace/code-generation/travel-planner-pro-281204-281213/travel_planner_backend/src/api/schemas.py", "pattern": "/^class BudgetCategoryUpdate(BaseModel):$/", "language": "Python", "kind": "class"}, {"_type": "tag", "name": "BudgetExpenseCreate", "path": "/home/kavia/workspace/code-generation/travel-planner-pro-281204-281213/travel_planner_backend/src/api/schemas.py", "pattern": "/^class BudgetExpenseCreate(BaseModel):$/", "language": "Python", "kind": "class"}, {"_type": "tag", "name": "BudgetExpenseOut", "path": "/home/kavia/workspace/code-generation/travel-planner-pro-281204-281213/travel_planner_backend/src/api/schemas.py", "pattern": "/^class BudgetExpenseOut(BaseModel):$/", "language": "Python", "kind": "class"}, {"_type": "tag", "name": "BudgetSummaryOut", "path": "/home/kavia/workspace/code-generation/travel-planner-pro-281204-281213/travel_planner_backend/src/api/schemas.py", "pattern": "/^class BudgetSummaryOut(BaseModel):$/", "language": "Python", "kind": "class"}, {"_type": "tag", "name": "BudgetTotals", "path": "/home/kavia/workspace/code-generation/travel-planner-pro-281204-281213/travel_planner_backend/src/api/schemas.py", "pattern": "/^class BudgetTotals(BaseModel):$/", "language": "Python", "kind": "class"}, {"_type": "tag", "name": "Config", "path": "/home/kavia/workspace/code-generation/travel-planner-pro-281204-281213/travel_planner_backend/src/api/schemas.py", "pattern": "/^    class Config:$/", "language": "Python", "kind": "class", "scope": "AccommodationOut", "scopeKind": "class"}, {"_type": "tag", "name": "Config", "path": "/home/kavia/workspace/code-generation/travel-planner-pro-281204-281213/travel_planner_backend/src/api/schemas.py", "pattern": "/^    class Config:$/", "language": "Python", "kind": "class", "scope": "ActivityOut", "scopeKind": "class"}, {"_type": "tag", "name": "Config", "path": "/home/kavia/workspace/code-generation/travel-planner-pro-281204-281213/travel_planner_backend/src/api/schemas.py", "pattern": "/^    class Config:$/", "language": "Python", "kind": "class", "scope": "BudgetCategoryOut", "scopeKind": "class"}, {"_type": "tag", "name": "Config", "path": "/home/kavia/workspace/code-generation/travel-planner-pro-281204-281213/travel_planner_backend/src/api/schemas.py", "pattern": "/^    class Config:$/", "language": "Python", "kind": "class", "scope": "BudgetExpenseOut", "scopeKind": "class"}, {"_type": "tag", "name": "Config", "path": "/home/kavia/workspace/code-generation/travel-planner-pro-281204-281213/travel_planner_backend/src/api/schemas.py", "pattern": "/^    class Config:$/", "language": "Python", "kind": "class", "scope": "DayOut", "scopeKind": "class"}, {"_type": "tag", "name": "Config", "path": "/home/kavia/workspace/code-generation/travel-planner-pro-281204-281213/travel_planner_backend/src/api/schemas.py", "pattern": "/^    class Config:$/", "language": "Python", "kind": "class", "scope": "DestinationOut", "scopeKind": "class"}, {"_type": "tag", "name": "Config", "path": "/home/kavia/workspace/code-generation/travel-planner-pro-281204-281213/travel_planner_backend/src/api/schemas.py", "pattern": "/^    class Config:$/", "language": "Python", "kind": "class", "scope": "NoteOut", "scopeKind": "class"}, {"_type": "tag", "name": "Config", "path": "/home/kavia/workspace/code-generation/travel-planner-pro-281204-281213/travel_planner_backend/src/api/schemas.py", "pattern": "/^    class Config:$/", "language": "Python", "kind": "class", "scope": "TripOut", "scopeKind": "class"}, {"_type": "tag", "name": "Config", "path": "/home/kavia/workspace/code-generation/travel-planner-pro-281204-281213/travel_planner_backend/src/api/schemas.py", "pattern": "/^    class Config:$/", "language": "Python", "kind": "class", "scope": "UserOut", "scopeKind": "class"}, {"_type": "tag", "name": "DayCreate", "path": "/home/kavia/workspace/code-generation/travel-planner-pro-281204-281213/travel_planner_backend/src/api/schemas.py", "pattern": "/^class DayCreate(BaseModel):$/", "language": "Python", "kind": "class"}, {"_type": "tag", "name": "DayOut", "path": "/home/kavia/workspace/code-generation/travel-planner-pro-281204-281213/travel_planner_backend/src/api/schemas.py", "pattern": "/^class DayOut(BaseModel):$/", "language": "Python", "kind": "class"}, {"_type": "tag", "name": "DestinationCreate", "path": "/home/kavia/workspace/code-generation/travel-planner-pro-281204-281213/travel_planner_backend/src/api/schemas.py", "pattern": "/^class DestinationCreate(BaseModel):$/", "language": "Python", "kind": "class"}, {"_type": "tag", "name": "DestinationOut", "path": "/home/kavia/workspace/code-generation/travel-planner-pro-281204-281213/travel_planner_backend/src/api/schemas.py", "pattern": "/^class DestinationOut(BaseModel):$/", "language": "Python", "kind": "class"}, {"_type": "tag", "name": "NoteCreate", "path": "/home/kavia/workspace/code-generation/travel-planner-pro-281204-281213/travel_planner_backend/src/api/schemas.py", "pattern": "/^class NoteCreate(BaseModel):$/", "language": "Python", "kind": "class"}, {"_type": "tag", "name": "NoteOut", "path": "/home/kavia/workspace/code-generation/travel-planner-pro-281204-281213/travel_planner_backend/src/api/schemas.py", "pattern": "/^class NoteOut(BaseModel):$/", "language": "Python", "kind": "class"}, {"_type": "tag", "name": "TripCreate", "path": "/home/kavia/workspace/code-generation/travel-planner-pro-281204-281213/travel_planner_backend/src/api/schemas.py", "pattern": "/^class TripCreate(BaseModel):$/", "language": "Python", "kind": "class"}, {"_type": "tag", "name": "TripOut", "path": "/home/kavia/workspace/code-generation/travel-planner-pro-281204-281213/travel_planner_backend/src/api/schemas.py", "pattern": "/^class TripOut(BaseModel):$/", "language": "Python", "kind": "class"}, {"_type": "tag", "name": "TripUpdate", "path": "/home/kavia/workspace/code-generation/travel-planner-pro-281204-281213/travel_planner_backend/src/api/schemas.py", "pattern": "/^class TripUpdate(BaseModel):$/", "language": "Python", "kind": "class"}, {"_type": "tag", "name": "UserCreate", "path": "/home/kavia/workspace/code-generation/travel-planner-pro-281204-281213/travel_planner_backend/src/api/schemas.py", "pattern": "/^class UserCreate(BaseModel):$/", "language": "Python", "kind": "class"}, {"_type": "tag", "name": "UserOut", "path": "/home/kavia/workspace/code-generation/travel-planner-pro-281204-281213/travel_planner_backend/src/api/schemas.py", "pattern": "/^class UserOut(BaseModel):$/", "language": "Python", "kind": "class"}, {"_type": "tag", "name": "_normalize_currency_code", "path": "/home/kavia/workspace/code-generation/travel-planner-pro-281204-281213/travel_planner_backend/src/api/schemas.py", "pattern": "/^def _normalize_currency_code(code: str) -> str:$/", "language": "Python", "typeref": "typename:str", "kind": "function", "signature": "(code: str)"}, {"_type": "tag", "name": "actual_amount", "path": "/home/kavia/workspace/code-generation/travel-planner-pro-281204-281213/travel_planner_backend/src/api/schemas.py", "pattern": "/^    actual_amount: float = Field(..., description=\"Actual spend for this category\")$/", "language": "Python", "typeref": "typename:float", "kind": "variable", "scope": "BudgetCategorySummary", "scopeKind": "class"}, {"_type": "tag", "name": "actual_total", "path": "/home/kavia/workspace/code-generation/travel-planner-pro-281204-281213/travel_planner_backend/src/api/schemas.py", "pattern": "/^    actual_total: float = Field(..., description=\"Sum of all expenses\")$/", "language": "Python", "typeref": "typename:float", "kind": "variable", "scope": "BudgetTotals", "scopeKind": "class"}, {"_type": "tag", "name": "address", "path": "/home/kavia/workspace/code-generation/travel-planner-pro-281204-281213/travel_planner_backend/src/api/schemas.py", "pattern": "/^    address: Optional[str] = Field(None, description=\"Address\")$/", "language": "Python", "typeref": "typename:Optional[str]", "kind": "variable", "scope": "AccommodationCreate", "scopeKind": "class"}, {"_type": "tag", "name": "address", "path": "/home/kavia/workspace/code-generation/travel-planner-pro-281204-281213/travel_planner_backend/src/api/schemas.py", "pattern": "/^    address: Optional[str] = Field(None, description=\"Address\")$/", "language": "Python", "typeref": "typename:Optional[str]", "kind": "variable", "scope": "AccommodationOut", "scopeKind": "class"}, {"_type": "tag", "name": "amount", "path": "/home/kavia/workspace/code-generation/travel-planner-pro-281204-281213/travel_planner_backend/src/api/schemas.py", "pattern": "/^    amount: float = Field(..., description=\"Amount\")$/", "language": "Python", "typeref": "typename:float", "kind": "variable", "scope": "BudgetExpenseOut", "scopeKind": "class"}, {"_type": "tag", "name": "amount", "path": "/home/kavia/workspace/code-generation/travel-planner-pro-281204-281213/travel_planner_backend/src/api/schemas.py", "pattern": "/^    amount: float = Field(..., description=\"Expense amount (positive number)\")$/", "language": "Python", "typeref": "typename:float", "kind": "variable", "scope": "BudgetExpenseCreate", "scopeKind": "class"}, {"_type": "tag", "name": "booking_url", "path": "/home/kavia/workspace/code-generation/travel-planner-pro-281204-281213/travel_planner_backend/src/api/schemas.py", "pattern": "/^    booking_url: Optional[str] = Field(None, description=\"Booking URL\")$/", "language": "Python", "typeref": "typename:Optional[str]", "kind": "variable", "scope": "AccommodationCreate", "scopeKind": "class"}, {"_type": "tag", "name": "booking_url", "path": "/home/kavia/workspace/code-generation/travel-planner-pro-281204-281213/travel_planner_backend/src/api/schemas.py", "pattern": "/^    booking_url: Optional[str] = Field(None, description=\"Booking URL\")$/", "language": "Python", "typeref": "typename:Optional[str]", "kind": "variable", "scope": "AccommodationOut", "scopeKind": "class"}, {"_type": "tag", "name": "booking_url", "path": "/home/kavia/workspace/code-generation/travel-planner-pro-281204-281213/travel_planner_backend/src/api/schemas.py", "pattern": "/^    booking_url: Optional[str] = Field(None, description=\"Booking URL\")$/", "language": "Python", "typeref": "typename:Optional[str]", "kind": "variable", "scope": "ActivityCreate", "scopeKind": "class"}, {"_type": "tag", "name": "booking_url", "path": "/home/kavia/workspace/code-generation/travel-planner-pro-281204-281213/travel_planner_backend/src/api/schemas.py", "pattern": "/^    booking_url: Optional[str] = Field(None, description=\"Booking URL\")$/", "language": "Python", "typeref": "typename:Optional[str]", "kind": "variable", "scope": "ActivityOut", "scopeKind": "class"}, {"_type": "tag", "name": "by_category", "path": "/home/kavia/workspace/code-generation/travel-planner-pro-281204-281213/travel_planner_backend/src/api/schemas.py", "pattern": "/^    by_category: list[BudgetCategorySummary] = Field(..., description=\"Per-category breakdown\")$/", "language": "Python", "typeref": "typename:list[BudgetCategorySummary]", "kind": "variable", "scope": "BudgetSummaryOut", "scopeKind": "class"}, {"_type": "tag", "name": "category_id", "path": "/home/kavia/workspace/code-generation/travel-planner-pro-281204-281213/travel_planner_backend/src/api/schemas.py", "pattern": "/^    category_id: Optional[UUID] = Field(None, description=\"Category id (UUID)\")$/", "language": "Python", "typeref": "typename:Optional[UUID]", "kind": "variable", "scope": "BudgetExpenseOut", "scopeKind": "class"}, {"_type": "tag", "name": "category_id", "path": "/home/kavia/workspace/code-generation/travel-planner-pro-281204-281213/travel_planner_backend/src/api/schemas.py", "pattern": "/^    category_id: Optional[UUID] = Field(None, description=\"Optional budget category id\")$/", "language": "Python", "typeref": "typename:Optional[UUID]", "kind": "variable", "scope": "BudgetExpenseCreate", "scopeKind": "class"}, {"_type": "tag", "name": "category_name", "path": "/home/kavia/workspace/code-generation/travel-planner-pro-281204-281213/travel_planner_backend/src/api/schemas.py", "pattern": "/^    category_name: Optional[str] = Field(None, description=\"Category name (denormalized for conv/", "language": "Python", "typeref": "typename:Optional[str]", "kind": "variable", "scope": "BudgetExpenseOut", "scopeKind": "class"}, {"_type": "tag", "name": "check_in", "path": "/home/kavia/workspace/code-generation/travel-planner-pro-281204-281213/travel_planner_backend/src/api/schemas.py", "pattern": "/^    check_in: Optional[datetime] = Field(None, description=\"Check-in datetime\")$/", "language": "Python", "typeref": "typename:Optional[datetime]", "kind": "variable", "scope": "AccommodationCreate", "scopeKind": "class"}, {"_type": "tag", "name": "check_in", "path": "/home/kavia/workspace/code-generation/travel-planner-pro-281204-281213/travel_planner_backend/src/api/schemas.py", "pattern": "/^    check_in: Optional[datetime] = Field(None, description=\"Check-in datetime\")$/", "language": "Python", "typeref": "typename:Optional[datetime]", "kind": "variable", "scope": "AccommodationOut", "scopeKind": "class"}, {"_type": "tag", "name": "check_out", "path": "/home/kavia/workspace/code-generation/travel-planner-pro-281204-281213/travel_planner_backend/src/api/schemas.py", "pattern": "/^    check_out: Optional[datetime] = Field(None, description=\"Check-out datetime\")$/", "language": "Python", "typeref": "typename:Optional[datetime]", "kind": "variable", "scope": "AccommodationCreate", "scopeKind": "class"}, {"_type": "tag", "name": "check_out", "path": "/home/kavia/workspace/code-generation/travel-planner-pro-281204-281213/travel_planner_backend/src/api/schemas.py", "pattern": "/^    check_out: Optional[datetime] = Field(None, description=\"Check-out datetime\")$/", "language": "Python", "typeref": "typename:Optional[datetime]", "kind": "variable", "scope": "AccommodationOut", "scopeKind": "class"}, {"_type": "tag", "name": "color", "path": "/home/kavia/workspace/code-generation/travel-planner-pro-281204-281213/travel_planner_backend/src/api/schemas.py", "pattern": "/^    color: Optional[str] = Field(None, description=\"Color hint\")$/", "language": "Python", "typeref": "typename:Optional[str]", "kind": "variable", "scope": "BudgetCategoryOut", "scopeKind": "class"}, {"_type": "tag", "name": "color", "path": "/home/kavia/workspace/code-generation/travel-planner-pro-281204-281213/travel_planner_backend/src/api/schemas.py", "pattern": "/^    color: Optional[str] = Field(None, description=\"Optional color hint (hex or label)\", example/", "language": "Python", "typeref": "typename:Optional[str]", "kind": "variable", "scope": "BudgetCategoryCreate", "scopeKind": "class"}, {"_type": "tag", "name": "color", "path": "/home/kavia/workspace/code-generation/travel-planner-pro-281204-281213/travel_planner_backend/src/api/schemas.py", "pattern": "/^    color: Optional[str] = Field(None, description=\"Optional color hint\")$/", "language": "Python", "typeref": "typename:Optional[str]", "kind": "variable", "scope": "BudgetCategoryUpdate", "scopeKind": "class"}, {"_type": "tag", "name": "confirmation_number", "path": "/home/kavia/workspace/code-generation/travel-planner-pro-281204-281213/travel_planner_backend/src/api/schemas.py", "pattern": "/^    confirmation_number: Optional[str] = Field(None, description=\"Confirmation number\")$/", "language": "Python", "typeref": "typename:Optional[str]", "kind": "variable", "scope": "AccommodationCreate", "scopeKind": "class"}, {"_type": "tag", "name": "confirmation_number", "path": "/home/kavia/workspace/code-generation/travel-planner-pro-281204-281213/travel_planner_backend/src/api/schemas.py", "pattern": "/^    confirmation_number: Optional[str] = Field(None, description=\"Confirmation number\")$/", "language": "Python", "typeref": "typename:Optional[str]", "kind": "variable", "scope": "AccommodationOut", "scopeKind": "class"}, {"_type": "tag", "name": "content", "path": "/home/kavia/workspace/code-generation/travel-planner-pro-281204-281213/travel_planner_backend/src/api/schemas.py", "pattern": "/^    content: str = Field(..., description=\"Content\")$/", "language": "Python", "typeref": "typename:str", "kind": "variable", "scope": "NoteOut", "scopeKind": "class"}, {"_type": "tag", "name": "content", "path": "/home/kavia/workspace/code-generation/travel-planner-pro-281204-281213/travel_planner_backend/src/api/schemas.py", "pattern": "/^    content: str = Field(..., description=\"Note content\")$/", "language": "Python", "typeref": "typename:str", "kind": "variable", "scope": "NoteCreate", "scopeKind": "class"}, {"_type": "tag", "name": "cost", "path": "/home/kavia/workspace/code-generation/travel-planner-pro-281204-281213/travel_planner_backend/src/api/schemas.py", "pattern": "/^    cost: Optional[float] = Field(None, description=\"Cost\")$/", "language": "Python", "typeref": "typename:Optional[float]", "kind": "variable", "scope": "ActivityOut", "scopeKind": "class"}, {"_type": "tag", "name": "cost", "path": "/home/kavia/workspace/code-generation/travel-planner-pro-281204-281213/travel_planner_backend/src/api/schemas.py", "pattern": "/^    cost: Optional[float] = Field(None, description=\"Estimated cost\")$/", "language": "Python", "typeref": "typename:Optional[float]", "kind": "variable", "scope": "ActivityCreate", "scopeKind": "class"}, {"_type": "tag", "name": "country", "path": "/home/kavia/workspace/code-generation/travel-planner-pro-281204-281213/travel_planner_backend/src/api/schemas.py", "pattern": "/^    country: Optional[str] = Field(None, description=\"Country name\")$/", "language": "Python", "typeref": "typename:Optional[str]", "kind": "variable", "scope": "DestinationOut", "scopeKind": "class"}, {"_type": "tag", "name": "country", "path": "/home/kavia/workspace/code-generation/travel-planner-pro-281204-281213/travel_planner_backend/src/api/schemas.py", "pattern": "/^    country: Optional[str] = Field(None, description=\"Country name\", examples=[\"Japan\"])$/", "language": "Python", "typeref": "typename:Optional[str]", "kind": "variable", "scope": "DestinationCreate", "scopeKind": "class"}, {"_type": "tag", "name": "created_at", "path": "/home/kavia/workspace/code-generation/travel-planner-pro-281204-281213/travel_planner_backend/src/api/schemas.py", "pattern": "/^    created_at: datetime = Field(..., description=\"Created timestamp\")$/", "language": "Python", "typeref": "typename:datetime", "kind": "variable", "scope": "AccommodationOut", "scopeKind": "class"}, {"_type": "tag", "name": "created_at", "path": "/home/kavia/workspace/code-generation/travel-planner-pro-281204-281213/travel_planner_backend/src/api/schemas.py", "pattern": "/^    created_at: datetime = Field(..., description=\"Created timestamp\")$/", "language": "Python", "typeref": "typename:datetime", "kind": "variable", "scope": "ActivityOut", "scopeKind": "class"}, {"_type": "tag", "name": "created_at", "path": "/home/kavia/workspace/code-generation/travel-planner-pro-281204-281213/travel_planner_backend/src/api/schemas.py", "pattern": "/^    created_at: datetime = Field(..., description=\"Created timestamp\")$/", "language": "Python", "typeref": "typename:datetime", "kind": "variable", "scope": "BudgetCategoryOut", "scopeKind": "class"}, {"_type": "tag", "name": "created_at", "path": "/home/kavia/workspace/code-generation/travel-planner-pro-281204-281213/travel_planner_backend/src/api/schemas.py", "pattern": "/^    created_at: datetime = Field(..., description=\"Created timestamp\")$/", "language": "Python", "typeref": "typename:datetime", "kind": "variable", "scope": "BudgetExpenseOut", "scopeKind": "class"}, {"_type": "tag", "name": "created_at", "path": "/home/kavia/workspace/code-generation/travel-planner-pro-281204-281213/travel_planner_backend/src/api/schemas.py", "pattern": "/^    created_at: datetime = Field(..., description=\"Created timestamp\")$/", "language": "Python", "typeref": "typename:datetime", "kind": "variable", "scope": "DayOut", "scopeKind": "class"}, {"_type": "tag", "name": "created_at", "path": "/home/kavia/workspace/code-generation/travel-planner-pro-281204-281213/travel_planner_backend/src/api/schemas.py", "pattern": "/^    created_at: datetime = Field(..., description=\"Created timestamp\")$/", "language": "Python", "typeref": "typename:datetime", "kind": "variable", "scope": "DestinationOut", "scopeKind": "class"}, {"_type": "tag", "name": "created_at", "path": "/home/kavia/workspace/code-generation/travel-planner-pro-281204-281213/travel_planner_backend/src/api/schemas.py", "pattern": "/^    created_at: datetime = Field(..., description=\"Created timestamp\")$/", "language": "Python", "typeref": "typename:datetime", "kind": "variable", "scope": "NoteOut", "scopeKind": "class"}, {"_type": "tag", "name": "created_at", "path": "/home/kavia/workspace/code-generation/travel-planner-pro-281204-281213/travel_planner_backend/src/api/schemas.py", "pattern": "/^    created_at: datetime = Field(..., description=\"Created timestamp\")$/", "language": "Python", "typeref": "typename:datetime", "kind": "variable", "scope": "TripOut", "scopeKind": "class"}, {"_type": "tag", "name": "created_at", "path": "/home/kavia/workspace/code-generation/travel-planner-pro-281204-281213/travel_planner_backend/src/api/schemas.py", "pattern": "/^    created_at: datetime = Field(..., description=\"Creation timestamp\")$/", "language": "Python", "typeref": "typename:datetime", "kind": "variable", "scope": "UserOut", "scopeKind": "class"}, {"_type": "tag", "name": "currency_code", "path": "/home/kavia/workspace/code-generation/travel-planner-pro-281204-281213/travel_planner_backend/src/api/schemas.py", "pattern": "/^    currency_code: Optional[str] = Field($/", "language": "Python", "typeref": "typename:Optional[str]", "kind": "variable", "scope": "BudgetExpenseCreate", "scopeKind": "class"}, {"_type": "tag", "name": "currency_code", "path": "/home/kavia/workspace/code-generation/travel-planner-pro-281204-281213/travel_planner_backend/src/api/schemas.py", "pattern": "/^    currency_code: Optional[str] = Field(None, description=\"Expense currency (ISO-4217); if null/", "language": "Python", "typeref": "typename:Optional[str]", "kind": "variable", "scope": "BudgetExpenseOut", "scopeKind": "class"}, {"_type": "tag", "name": "currency_code", "path": "/home/kavia/workspace/code-generation/travel-planner-pro-281204-281213/travel_planner_backend/src/api/schemas.py", "pattern": "/^    currency_code: Optional[str] = Field(None, description=\"Trip base currency (ISO-4217)\")$/", "language": "Python", "typeref": "typename:Optional[str]", "kind": "variable", "scope": "TripUpdate", "scopeKind": "class"}, {"_type": "tag", "name": "currency_code", "path": "/home/kavia/workspace/code-generation/travel-planner-pro-281204-281213/travel_planner_backend/src/api/schemas.py", "pattern": "/^    currency_code: str = Field(..., description=\"Trip base currency (ISO-4217)\")$/", "language": "Python", "typeref": "typename:str", "kind": "variable", "scope": "TripOut", "scopeKind": "class"}, {"_type": "tag", "name": "currency_code", "path": "/home/kavia/workspace/code-generation/travel-planner-pro-281204-281213/travel_planner_backend/src/api/schemas.py", "pattern": "/^    currency_code: str = Field(\"USD\", description=\"Trip base currency (ISO-4217)\", examples=[\"US/", "language": "Python", "typeref": "typename:str", "kind": "variable", "scope": "TripCreate", "scopeKind": "class"}, {"_type": "tag", "name": "day_date", "path": "/home/kavia/workspace/code-generation/travel-planner-pro-281204-281213/travel_planner_backend/src/api/schemas.py", "pattern": "/^    day_date: date = Field(..., description=\"Calendar date for this itinerary day\")$/", "language": "Python", "typeref": "typename:date", "kind": "variable", "scope": "DayCreate", "scopeKind": "class"}, {"_type": "tag", "name": "day_date", "path": "/home/kavia/workspace/code-generation/travel-planner-pro-281204-281213/travel_planner_backend/src/api/schemas.py", "pattern": "/^    day_date: date = Field(..., description=\"Calendar date\")$/", "language": "Python", "typeref": "typename:date", "kind": "variable", "scope": "DayOut", "scopeKind": "class"}, {"_type": "tag", "name": "day_id", "path": "/home/kavia/workspace/code-generation/travel-planner-pro-281204-281213/travel_planner_backend/src/api/schemas.py", "pattern": "/^    day_id: Optional[UUID] = Field(None, description=\"Day id (UUID)\")$/", "language": "Python", "typeref": "typename:Optional[UUID]", "kind": "variable", "scope": "ActivityOut", "scopeKind": "class"}, {"_type": "tag", "name": "day_id", "path": "/home/kavia/workspace/code-generation/travel-planner-pro-281204-281213/travel_planner_backend/src/api/schemas.py", "pattern": "/^    day_id: Optional[UUID] = Field(None, description=\"Day id (UUID)\")$/", "language": "Python", "typeref": "typename:Optional[UUID]", "kind": "variable", "scope": "NoteOut", "scopeKind": "class"}, {"_type": "tag", "name": "day_id", "path": "/home/kavia/workspace/code-generation/travel-planner-pro-281204-281213/travel_planner_backend/src/api/schemas.py", "pattern": "/^    day_id: Optional[UUID] = Field(None, description=\"Optional day id\")$/", "language": "Python", "typeref": "typename:Optional[UUID]", "kind": "variable", "scope": "NoteCreate", "scopeKind": "class"}, {"_type": "tag", "name": "day_id", "path": "/home/kavia/workspace/code-generation/travel-planner-pro-281204-281213/travel_planner_backend/src/api/schemas.py", "pattern": "/^    day_id: Optional[UUID] = Field(None, description=\"Optional itinerary day id\")$/", "language": "Python", "typeref": "typename:Optional[UUID]", "kind": "variable", "scope": "ActivityCreate", "scopeKind": "class"}, {"_type": "tag", "name": "description", "path": "/home/kavia/workspace/code-generation/travel-planner-pro-281204-281213/travel_planner_backend/src/api/schemas.py", "pattern": "/^    description: Optional[str] = Field(None, description=\"Description\")$/", "language": "Python", "typeref": "typename:Optional[str]", "kind": "variable", "scope": "BudgetExpenseOut", "scopeKind": "class"}, {"_type": "tag", "name": "description", "path": "/home/kavia/workspace/code-generation/travel-planner-pro-281204-281213/travel_planner_backend/src/api/schemas.py", "pattern": "/^    description: Optional[str] = Field(None, description=\"Short description\", examples=[\"Ramen d/", "language": "Python", "typeref": "typename:Optional[str]", "kind": "variable", "scope": "BudgetExpenseCreate", "scopeKind": "class"}, {"_type": "tag", "name": "destination_id", "path": "/home/kavia/workspace/code-generation/travel-planner-pro-281204-281213/travel_planner_backend/src/api/schemas.py", "pattern": "/^    destination_id: Optional[UUID] = Field(None, description=\"Destination id (UUID)\")$/", "language": "Python", "typeref": "typename:Optional[UUID]", "kind": "variable", "scope": "AccommodationOut", "scopeKind": "class"}, {"_type": "tag", "name": "destination_id", "path": "/home/kavia/workspace/code-generation/travel-planner-pro-281204-281213/travel_planner_backend/src/api/schemas.py", "pattern": "/^    destination_id: Optional[UUID] = Field(None, description=\"Destination id (UUID)\")$/", "language": "Python", "typeref": "typename:Optional[UUID]", "kind": "variable", "scope": "ActivityOut", "scopeKind": "class"}, {"_type": "tag", "name": "destination_id", "path": "/home/kavia/workspace/code-generation/travel-planner-pro-281204-281213/travel_planner_backend/src/api/schemas.py", "pattern": "/^    destination_id: Optional[UUID] = Field(None, description=\"Destination id (UUID)\")$/", "language": "Python", "typeref": "typename:Optional[UUID]", "kind": "variable", "scope": "NoteOut", "scopeKind": "class"}], "hash": "3a4389badc302c9cd609dc8221378196", "format-version": 4, "code-base-name": "travel_planner_backend", "filename": "travel_planner_backend/src/api/schemas.py", "fields": [{"name": "float actual_amount", "scope": "BudgetCategorySummary", "scopeKind": "class", "description": "unavailable"}, {"name": "float actual_total", "scope": "BudgetTotals", "scopeKind": "class", "description": "unavailable"}, {"name": "Optional[str] address", "scope": "AccommodationCreate", "scopeKind": "class", "description": "unavailable"}, {"name": "float amount", "scope": "BudgetExpenseOut", "scopeKind": "class", "description": "unavailable"}, {"name": "Optional[str] booking_url", "scope": "AccommodationCreate", "scopeKind": "class", "description": "unavailable"}, {"name": "list[BudgetCategorySummary] by_category", "scope": "BudgetSummaryOut", "scopeKind": "class", "description": "unavailable"}, {"name": "Optional[UUID] category_id", "scope": "BudgetExpenseOut", "scopeKind": "class", "description": "unavailable"}, {"name": "Optional[str] category_name", "scope": "BudgetExpenseOut", "scopeKind": "class", "description": "unavailable"}, {"name": "Optional[datetime] check_in", "scope": "AccommodationCreate", "scopeKind": "class", "description": "unavailable"}, {"name": "Optional[datetime] check_out", "scope": "AccommodationCreate", "scopeKind": "class", "description": "unavailable"}, {"name": "Optional[str] color", "scope": "BudgetCategoryOut", "scopeKind": "class", "description": "unavailable"}, {"name": "Optional[str] confirmation_number", "scope": "AccommodationCreate", "scopeKind": "class", "description": "unavailable"}, {"name": "str content", "scope": "NoteOut", "scopeKind": "class", "description": "unavailable"}, {"name": "Optional[float] cost", "scope": "ActivityOut", "scopeKind": "class", "description": "unavailable"}, {"name": "Optional[str] country", "scope": "DestinationOut", "scopeKind": "class", "description": "unavailable"}, {"name": "datetime created_at", "scope": "AccommodationOut", "scopeKind": "class", "description": "unavailable"}, {"name": "Optional[str] currency_code", "scope": "BudgetExpenseCreate", "scopeKind": "class", "description": "unavailable"}, {"name": "str currency_code", "scope": "TripOut", "scopeKind": "class", "description": "unavailable"}, {"name": "date day_date", "scope": "DayCreate", "scopeKind": "class", "description": "unavailable"}, {"name": "Optional[UUID] day_id", "scope": "ActivityOut", "scopeKind": "class", "description": "unavailable"}, {"name": "Optional[str] description", "scope": "BudgetExpenseOut", "scopeKind": "class", "description": "unavailable"}, {"name": "Optional[UUID] destination_id", "scope": "AccommodationOut", "scopeKind": "class", "description": "unavailable"}]}