{"is_source_file": true, "format": "Python (Pydantic schemas)", "description": "This file defines Pydantic schema models used for request validation and response serialization in the Travel Planner API. It includes data models for users, trips, destinations, itinerary days, accommodations, activities, notes, and messaging, along with their respective create, update, and output schemas.", "external_files": ["pydantic", "datetime", "typing", "uuid"], "external_methods": [], "published": ["ApiMessage", "UserCreate", "UserOut", "TripCreate", "TripUpdate", "TripOut", "DestinationCreate", "DestinationOut", "DayCreate", "DayOut", "AccommodationCreate", "AccommodationOut", "ActivityCreate", "ActivityOut", "NoteCreate", "NoteOut"], "classes": [{"name": "ApiMessage", "description": "A generic response message model containing a human-readable message."}, {"name": "UserCreate", "description": "Schema for creating a new user with email and full name."}, {"name": "UserOut", "description": "Schema for returning user data, including UUID, email, name, and creation timestamp."}, {"name": "TripCreate", "description": "Schema for creating a trip with user ID, name, start and end dates."}, {"name": "TripUpdate", "description": "Schema for updating a trip with optional fields."}, {"name": "TripOut", "description": "Schema for returning trip details, including timestamps."}, {"name": "DestinationCreate", "description": "Schema for adding a destination to a trip."}, {"name": "DestinationOut", "description": "Schema for returning destination details."}, {"name": "DayCreate", "description": "Schema for creating an itinerary day."}, {"name": "DayOut", "description": "Schema for returning itinerary day details."}, {"name": "AccommodationCreate", "description": "Schema for creating an accommodation entry."}, {"name": "AccommodationOut", "description": "Schema for returning accommodation details."}, {"name": "ActivityCreate", "description": "Schema for creating an activity."}, {"name": "ActivityOut", "description": "Schema for returning activity details."}, {"name": "NoteCreate", "description": "Schema for creating a note."}, {"name": "NoteOut", "description": "Schema for returning note details."}], "methods": [], "calls": [], "search-terms": ["pydantic schemas", "travel planner", "request validation", "response serialization", "trip data model", "destination data model", "itinerary day", "accommodation", "activity", "note", "uuid", "datetime"], "state": 2, "file_id": 7, "knowledge_revision": 15, "git_revision": "", "ctags": [{"_type": "tag", "name": "AccommodationCreate", "path": "/home/kavia/workspace/code-generation/travel-planner-pro-281204-281213/travel_planner_backend/src/api/schemas.py", "pattern": "/^class AccommodationCreate(BaseModel):$/", "language": "Python", "kind": "class"}, {"_type": "tag", "name": "AccommodationOut", "path": "/home/kavia/workspace/code-generation/travel-planner-pro-281204-281213/travel_planner_backend/src/api/schemas.py", "pattern": "/^class AccommodationOut(BaseModel):$/", "language": "Python", "kind": "class"}, {"_type": "tag", "name": "ActivityCreate", "path": "/home/kavia/workspace/code-generation/travel-planner-pro-281204-281213/travel_planner_backend/src/api/schemas.py", "pattern": "/^class ActivityCreate(BaseModel):$/", "language": "Python", "kind": "class"}, {"_type": "tag", "name": "ActivityOut", "path": "/home/kavia/workspace/code-generation/travel-planner-pro-281204-281213/travel_planner_backend/src/api/schemas.py", "pattern": "/^class ActivityOut(BaseModel):$/", "language": "Python", "kind": "class"}, {"_type": "tag", "name": "ApiMessage", "path": "/home/kavia/workspace/code-generation/travel-planner-pro-281204-281213/travel_planner_backend/src/api/schemas.py", "pattern": "/^class ApiMessage(BaseModel):$/", "language": "Python", "kind": "class"}, {"_type": "tag", "name": "Config", "path": "/home/kavia/workspace/code-generation/travel-planner-pro-281204-281213/travel_planner_backend/src/api/schemas.py", "pattern": "/^    class Config:$/", "language": "Python", "kind": "class", "scope": "AccommodationOut", "scopeKind": "class"}, {"_type": "tag", "name": "Config", "path": "/home/kavia/workspace/code-generation/travel-planner-pro-281204-281213/travel_planner_backend/src/api/schemas.py", "pattern": "/^    class Config:$/", "language": "Python", "kind": "class", "scope": "ActivityOut", "scopeKind": "class"}, {"_type": "tag", "name": "Config", "path": "/home/kavia/workspace/code-generation/travel-planner-pro-281204-281213/travel_planner_backend/src/api/schemas.py", "pattern": "/^    class Config:$/", "language": "Python", "kind": "class", "scope": "DayOut", "scopeKind": "class"}, {"_type": "tag", "name": "Config", "path": "/home/kavia/workspace/code-generation/travel-planner-pro-281204-281213/travel_planner_backend/src/api/schemas.py", "pattern": "/^    class Config:$/", "language": "Python", "kind": "class", "scope": "DestinationOut", "scopeKind": "class"}, {"_type": "tag", "name": "Config", "path": "/home/kavia/workspace/code-generation/travel-planner-pro-281204-281213/travel_planner_backend/src/api/schemas.py", "pattern": "/^    class Config:$/", "language": "Python", "kind": "class", "scope": "NoteOut", "scopeKind": "class"}, {"_type": "tag", "name": "Config", "path": "/home/kavia/workspace/code-generation/travel-planner-pro-281204-281213/travel_planner_backend/src/api/schemas.py", "pattern": "/^    class Config:$/", "language": "Python", "kind": "class", "scope": "TripOut", "scopeKind": "class"}, {"_type": "tag", "name": "Config", "path": "/home/kavia/workspace/code-generation/travel-planner-pro-281204-281213/travel_planner_backend/src/api/schemas.py", "pattern": "/^    class Config:$/", "language": "Python", "kind": "class", "scope": "UserOut", "scopeKind": "class"}, {"_type": "tag", "name": "DayCreate", "path": "/home/kavia/workspace/code-generation/travel-planner-pro-281204-281213/travel_planner_backend/src/api/schemas.py", "pattern": "/^class DayCreate(BaseModel):$/", "language": "Python", "kind": "class"}, {"_type": "tag", "name": "DayOut", "path": "/home/kavia/workspace/code-generation/travel-planner-pro-281204-281213/travel_planner_backend/src/api/schemas.py", "pattern": "/^class DayOut(BaseModel):$/", "language": "Python", "kind": "class"}, {"_type": "tag", "name": "DestinationCreate", "path": "/home/kavia/workspace/code-generation/travel-planner-pro-281204-281213/travel_planner_backend/src/api/schemas.py", "pattern": "/^class DestinationCreate(BaseModel):$/", "language": "Python", "kind": "class"}, {"_type": "tag", "name": "DestinationOut", "path": "/home/kavia/workspace/code-generation/travel-planner-pro-281204-281213/travel_planner_backend/src/api/schemas.py", "pattern": "/^class DestinationOut(BaseModel):$/", "language": "Python", "kind": "class"}, {"_type": "tag", "name": "NoteCreate", "path": "/home/kavia/workspace/code-generation/travel-planner-pro-281204-281213/travel_planner_backend/src/api/schemas.py", "pattern": "/^class NoteCreate(BaseModel):$/", "language": "Python", "kind": "class"}, {"_type": "tag", "name": "NoteOut", "path": "/home/kavia/workspace/code-generation/travel-planner-pro-281204-281213/travel_planner_backend/src/api/schemas.py", "pattern": "/^class NoteOut(BaseModel):$/", "language": "Python", "kind": "class"}, {"_type": "tag", "name": "TripCreate", "path": "/home/kavia/workspace/code-generation/travel-planner-pro-281204-281213/travel_planner_backend/src/api/schemas.py", "pattern": "/^class TripCreate(BaseModel):$/", "language": "Python", "kind": "class"}, {"_type": "tag", "name": "TripOut", "path": "/home/kavia/workspace/code-generation/travel-planner-pro-281204-281213/travel_planner_backend/src/api/schemas.py", "pattern": "/^class TripOut(BaseModel):$/", "language": "Python", "kind": "class"}, {"_type": "tag", "name": "TripUpdate", "path": "/home/kavia/workspace/code-generation/travel-planner-pro-281204-281213/travel_planner_backend/src/api/schemas.py", "pattern": "/^class TripUpdate(BaseModel):$/", "language": "Python", "kind": "class"}, {"_type": "tag", "name": "UserCreate", "path": "/home/kavia/workspace/code-generation/travel-planner-pro-281204-281213/travel_planner_backend/src/api/schemas.py", "pattern": "/^class UserCreate(BaseModel):$/", "language": "Python", "kind": "class"}, {"_type": "tag", "name": "UserOut", "path": "/home/kavia/workspace/code-generation/travel-planner-pro-281204-281213/travel_planner_backend/src/api/schemas.py", "pattern": "/^class UserOut(BaseModel):$/", "language": "Python", "kind": "class"}, {"_type": "tag", "name": "address", "path": "/home/kavia/workspace/code-generation/travel-planner-pro-281204-281213/travel_planner_backend/src/api/schemas.py", "pattern": "/^    address: Optional[str] = Field(None, description=\"Address\")$/", "language": "Python", "typeref": "typename:Optional[str]", "kind": "variable", "scope": "AccommodationCreate", "scopeKind": "class"}, {"_type": "tag", "name": "address", "path": "/home/kavia/workspace/code-generation/travel-planner-pro-281204-281213/travel_planner_backend/src/api/schemas.py", "pattern": "/^    address: Optional[str] = Field(None, description=\"Address\")$/", "language": "Python", "typeref": "typename:Optional[str]", "kind": "variable", "scope": "AccommodationOut", "scopeKind": "class"}, {"_type": "tag", "name": "booking_url", "path": "/home/kavia/workspace/code-generation/travel-planner-pro-281204-281213/travel_planner_backend/src/api/schemas.py", "pattern": "/^    booking_url: Optional[str] = Field(None, description=\"Booking URL\")$/", "language": "Python", "typeref": "typename:Optional[str]", "kind": "variable", "scope": "AccommodationCreate", "scopeKind": "class"}, {"_type": "tag", "name": "booking_url", "path": "/home/kavia/workspace/code-generation/travel-planner-pro-281204-281213/travel_planner_backend/src/api/schemas.py", "pattern": "/^    booking_url: Optional[str] = Field(None, description=\"Booking URL\")$/", "language": "Python", "typeref": "typename:Optional[str]", "kind": "variable", "scope": "AccommodationOut", "scopeKind": "class"}, {"_type": "tag", "name": "booking_url", "path": "/home/kavia/workspace/code-generation/travel-planner-pro-281204-281213/travel_planner_backend/src/api/schemas.py", "pattern": "/^    booking_url: Optional[str] = Field(None, description=\"Booking URL\")$/", "language": "Python", "typeref": "typename:Optional[str]", "kind": "variable", "scope": "ActivityCreate", "scopeKind": "class"}, {"_type": "tag", "name": "booking_url", "path": "/home/kavia/workspace/code-generation/travel-planner-pro-281204-281213/travel_planner_backend/src/api/schemas.py", "pattern": "/^    booking_url: Optional[str] = Field(None, description=\"Booking URL\")$/", "language": "Python", "typeref": "typename:Optional[str]", "kind": "variable", "scope": "ActivityOut", "scopeKind": "class"}, {"_type": "tag", "name": "check_in", "path": "/home/kavia/workspace/code-generation/travel-planner-pro-281204-281213/travel_planner_backend/src/api/schemas.py", "pattern": "/^    check_in: Optional[datetime] = Field(None, description=\"Check-in datetime\")$/", "language": "Python", "typeref": "typename:Optional[datetime]", "kind": "variable", "scope": "AccommodationCreate", "scopeKind": "class"}, {"_type": "tag", "name": "check_in", "path": "/home/kavia/workspace/code-generation/travel-planner-pro-281204-281213/travel_planner_backend/src/api/schemas.py", "pattern": "/^    check_in: Optional[datetime] = Field(None, description=\"Check-in datetime\")$/", "language": "Python", "typeref": "typename:Optional[datetime]", "kind": "variable", "scope": "AccommodationOut", "scopeKind": "class"}, {"_type": "tag", "name": "check_out", "path": "/home/kavia/workspace/code-generation/travel-planner-pro-281204-281213/travel_planner_backend/src/api/schemas.py", "pattern": "/^    check_out: Optional[datetime] = Field(None, description=\"Check-out datetime\")$/", "language": "Python", "typeref": "typename:Optional[datetime]", "kind": "variable", "scope": "AccommodationCreate", "scopeKind": "class"}, {"_type": "tag", "name": "check_out", "path": "/home/kavia/workspace/code-generation/travel-planner-pro-281204-281213/travel_planner_backend/src/api/schemas.py", "pattern": "/^    check_out: Optional[datetime] = Field(None, description=\"Check-out datetime\")$/", "language": "Python", "typeref": "typename:Optional[datetime]", "kind": "variable", "scope": "AccommodationOut", "scopeKind": "class"}, {"_type": "tag", "name": "confirmation_number", "path": "/home/kavia/workspace/code-generation/travel-planner-pro-281204-281213/travel_planner_backend/src/api/schemas.py", "pattern": "/^    confirmation_number: Optional[str] = Field(None, description=\"Confirmation number\")$/", "language": "Python", "typeref": "typename:Optional[str]", "kind": "variable", "scope": "AccommodationCreate", "scopeKind": "class"}, {"_type": "tag", "name": "confirmation_number", "path": "/home/kavia/workspace/code-generation/travel-planner-pro-281204-281213/travel_planner_backend/src/api/schemas.py", "pattern": "/^    confirmation_number: Optional[str] = Field(None, description=\"Confirmation number\")$/", "language": "Python", "typeref": "typename:Optional[str]", "kind": "variable", "scope": "AccommodationOut", "scopeKind": "class"}, {"_type": "tag", "name": "content", "path": "/home/kavia/workspace/code-generation/travel-planner-pro-281204-281213/travel_planner_backend/src/api/schemas.py", "pattern": "/^    content: str = Field(..., description=\"Content\")$/", "language": "Python", "typeref": "typename:str", "kind": "variable", "scope": "NoteOut", "scopeKind": "class"}, {"_type": "tag", "name": "content", "path": "/home/kavia/workspace/code-generation/travel-planner-pro-281204-281213/travel_planner_backend/src/api/schemas.py", "pattern": "/^    content: str = Field(..., description=\"Note content\")$/", "language": "Python", "typeref": "typename:str", "kind": "variable", "scope": "NoteCreate", "scopeKind": "class"}, {"_type": "tag", "name": "cost", "path": "/home/kavia/workspace/code-generation/travel-planner-pro-281204-281213/travel_planner_backend/src/api/schemas.py", "pattern": "/^    cost: Optional[float] = Field(None, description=\"Cost\")$/", "language": "Python", "typeref": "typename:Optional[float]", "kind": "variable", "scope": "ActivityOut", "scopeKind": "class"}, {"_type": "tag", "name": "cost", "path": "/home/kavia/workspace/code-generation/travel-planner-pro-281204-281213/travel_planner_backend/src/api/schemas.py", "pattern": "/^    cost: Optional[float] = Field(None, description=\"Estimated cost\")$/", "language": "Python", "typeref": "typename:Optional[float]", "kind": "variable", "scope": "ActivityCreate", "scopeKind": "class"}, {"_type": "tag", "name": "country", "path": "/home/kavia/workspace/code-generation/travel-planner-pro-281204-281213/travel_planner_backend/src/api/schemas.py", "pattern": "/^    country: Optional[str] = Field(None, description=\"Country name\")$/", "language": "Python", "typeref": "typename:Optional[str]", "kind": "variable", "scope": "DestinationOut", "scopeKind": "class"}, {"_type": "tag", "name": "country", "path": "/home/kavia/workspace/code-generation/travel-planner-pro-281204-281213/travel_planner_backend/src/api/schemas.py", "pattern": "/^    country: Optional[str] = Field(None, description=\"Country name\", examples=[\"Japan\"])$/", "language": "Python", "typeref": "typename:Optional[str]", "kind": "variable", "scope": "DestinationCreate", "scopeKind": "class"}, {"_type": "tag", "name": "created_at", "path": "/home/kavia/workspace/code-generation/travel-planner-pro-281204-281213/travel_planner_backend/src/api/schemas.py", "pattern": "/^    created_at: datetime = Field(..., description=\"Created timestamp\")$/", "language": "Python", "typeref": "typename:datetime", "kind": "variable", "scope": "AccommodationOut", "scopeKind": "class"}, {"_type": "tag", "name": "created_at", "path": "/home/kavia/workspace/code-generation/travel-planner-pro-281204-281213/travel_planner_backend/src/api/schemas.py", "pattern": "/^    created_at: datetime = Field(..., description=\"Created timestamp\")$/", "language": "Python", "typeref": "typename:datetime", "kind": "variable", "scope": "ActivityOut", "scopeKind": "class"}, {"_type": "tag", "name": "created_at", "path": "/home/kavia/workspace/code-generation/travel-planner-pro-281204-281213/travel_planner_backend/src/api/schemas.py", "pattern": "/^    created_at: datetime = Field(..., description=\"Created timestamp\")$/", "language": "Python", "typeref": "typename:datetime", "kind": "variable", "scope": "DayOut", "scopeKind": "class"}, {"_type": "tag", "name": "created_at", "path": "/home/kavia/workspace/code-generation/travel-planner-pro-281204-281213/travel_planner_backend/src/api/schemas.py", "pattern": "/^    created_at: datetime = Field(..., description=\"Created timestamp\")$/", "language": "Python", "typeref": "typename:datetime", "kind": "variable", "scope": "DestinationOut", "scopeKind": "class"}, {"_type": "tag", "name": "created_at", "path": "/home/kavia/workspace/code-generation/travel-planner-pro-281204-281213/travel_planner_backend/src/api/schemas.py", "pattern": "/^    created_at: datetime = Field(..., description=\"Created timestamp\")$/", "language": "Python", "typeref": "typename:datetime", "kind": "variable", "scope": "NoteOut", "scopeKind": "class"}, {"_type": "tag", "name": "created_at", "path": "/home/kavia/workspace/code-generation/travel-planner-pro-281204-281213/travel_planner_backend/src/api/schemas.py", "pattern": "/^    created_at: datetime = Field(..., description=\"Created timestamp\")$/", "language": "Python", "typeref": "typename:datetime", "kind": "variable", "scope": "TripOut", "scopeKind": "class"}, {"_type": "tag", "name": "created_at", "path": "/home/kavia/workspace/code-generation/travel-planner-pro-281204-281213/travel_planner_backend/src/api/schemas.py", "pattern": "/^    created_at: datetime = Field(..., description=\"Creation timestamp\")$/", "language": "Python", "typeref": "typename:datetime", "kind": "variable", "scope": "UserOut", "scopeKind": "class"}, {"_type": "tag", "name": "day_date", "path": "/home/kavia/workspace/code-generation/travel-planner-pro-281204-281213/travel_planner_backend/src/api/schemas.py", "pattern": "/^    day_date: date = Field(..., description=\"Calendar date for this itinerary day\")$/", "language": "Python", "typeref": "typename:date", "kind": "variable", "scope": "DayCreate", "scopeKind": "class"}, {"_type": "tag", "name": "day_date", "path": "/home/kavia/workspace/code-generation/travel-planner-pro-281204-281213/travel_planner_backend/src/api/schemas.py", "pattern": "/^    day_date: date = Field(..., description=\"Calendar date\")$/", "language": "Python", "typeref": "typename:date", "kind": "variable", "scope": "DayOut", "scopeKind": "class"}, {"_type": "tag", "name": "day_id", "path": "/home/kavia/workspace/code-generation/travel-planner-pro-281204-281213/travel_planner_backend/src/api/schemas.py", "pattern": "/^    day_id: Optional[UUID] = Field(None, description=\"Day id (UUID)\")$/", "language": "Python", "typeref": "typename:Optional[UUID]", "kind": "variable", "scope": "ActivityOut", "scopeKind": "class"}, {"_type": "tag", "name": "day_id", "path": "/home/kavia/workspace/code-generation/travel-planner-pro-281204-281213/travel_planner_backend/src/api/schemas.py", "pattern": "/^    day_id: Optional[UUID] = Field(None, description=\"Day id (UUID)\")$/", "language": "Python", "typeref": "typename:Optional[UUID]", "kind": "variable", "scope": "NoteOut", "scopeKind": "class"}, {"_type": "tag", "name": "day_id", "path": "/home/kavia/workspace/code-generation/travel-planner-pro-281204-281213/travel_planner_backend/src/api/schemas.py", "pattern": "/^    day_id: Optional[UUID] = Field(None, description=\"Optional day id\")$/", "language": "Python", "typeref": "typename:Optional[UUID]", "kind": "variable", "scope": "NoteCreate", "scopeKind": "class"}, {"_type": "tag", "name": "day_id", "path": "/home/kavia/workspace/code-generation/travel-planner-pro-281204-281213/travel_planner_backend/src/api/schemas.py", "pattern": "/^    day_id: Optional[UUID] = Field(None, description=\"Optional itinerary day id\")$/", "language": "Python", "typeref": "typename:Optional[UUID]", "kind": "variable", "scope": "ActivityCreate", "scopeKind": "class"}, {"_type": "tag", "name": "destination_id", "path": "/home/kavia/workspace/code-generation/travel-planner-pro-281204-281213/travel_planner_backend/src/api/schemas.py", "pattern": "/^    destination_id: Optional[UUID] = Field(None, description=\"Destination id (UUID)\")$/", "language": "Python", "typeref": "typename:Optional[UUID]", "kind": "variable", "scope": "AccommodationOut", "scopeKind": "class"}, {"_type": "tag", "name": "destination_id", "path": "/home/kavia/workspace/code-generation/travel-planner-pro-281204-281213/travel_planner_backend/src/api/schemas.py", "pattern": "/^    destination_id: Optional[UUID] = Field(None, description=\"Destination id (UUID)\")$/", "language": "Python", "typeref": "typename:Optional[UUID]", "kind": "variable", "scope": "ActivityOut", "scopeKind": "class"}, {"_type": "tag", "name": "destination_id", "path": "/home/kavia/workspace/code-generation/travel-planner-pro-281204-281213/travel_planner_backend/src/api/schemas.py", "pattern": "/^    destination_id: Optional[UUID] = Field(None, description=\"Destination id (UUID)\")$/", "language": "Python", "typeref": "typename:Optional[UUID]", "kind": "variable", "scope": "NoteOut", "scopeKind": "class"}, {"_type": "tag", "name": "destination_id", "path": "/home/kavia/workspace/code-generation/travel-planner-pro-281204-281213/travel_planner_backend/src/api/schemas.py", "pattern": "/^    destination_id: Optional[UUID] = Field(None, description=\"Optional destination id\")$/", "language": "Python", "typeref": "typename:Optional[UUID]", "kind": "variable", "scope": "AccommodationCreate", "scopeKind": "class"}, {"_type": "tag", "name": "destination_id", "path": "/home/kavia/workspace/code-generation/travel-planner-pro-281204-281213/travel_planner_backend/src/api/schemas.py", "pattern": "/^    destination_id: Optional[UUID] = Field(None, description=\"Optional destination id\")$/", "language": "Python", "typeref": "typename:Optional[UUID]", "kind": "variable", "scope": "ActivityCreate", "scopeKind": "class"}, {"_type": "tag", "name": "destination_id", "path": "/home/kavia/workspace/code-generation/travel-planner-pro-281204-281213/travel_planner_backend/src/api/schemas.py", "pattern": "/^    destination_id: Optional[UUID] = Field(None, description=\"Optional destination id\")$/", "language": "Python", "typeref": "typename:Optional[UUID]", "kind": "variable", "scope": "NoteCreate", "scopeKind": "class"}, {"_type": "tag", "name": "email", "path": "/home/kavia/workspace/code-generation/travel-planner-pro-281204-281213/travel_planner_backend/src/api/schemas.py", "pattern": "/^    email: str = Field(..., description=\"User email address\")$/", "language": "Python", "typeref": "typename:str", "kind": "variable", "scope": "UserOut", "scopeKind": "class"}, {"_type": "tag", "name": "email", "path": "/home/kavia/workspace/code-generation/travel-planner-pro-281204-281213/travel_planner_backend/src/api/schemas.py", "pattern": "/^    email: str = Field(..., description=\"User email address\", examples=[\"alex@example.com\"])$/", "language": "Python", "typeref": "typename:str", "kind": "variable", "scope": "UserCreate", "scopeKind": "class"}, {"_type": "tag", "name": "end_date", "path": "/home/kavia/workspace/code-generation/travel-planner-pro-281204-281213/travel_planner_backend/src/api/schemas.py", "pattern": "/^    end_date: Optional[date] = Field(None, description=\"Destination departure date\")$/", "language": "Python", "typeref": "typename:Optional[date]", "kind": "variable", "scope": "DestinationCreate", "scopeKind": "class"}, {"_type": "tag", "name": "end_date", "path": "/home/kavia/workspace/code-generation/travel-planner-pro-281204-281213/travel_planner_backend/src/api/schemas.py", "pattern": "/^    end_date: Optional[date] = Field(None, description=\"End date\")$/", "language": "Python", "typeref": "typename:Optional[date]", "kind": "variable", "scope": "DestinationOut", "scopeKind": "class"}, {"_type": "tag", "name": "end_date", "path": "/home/kavia/workspace/code-generation/travel-planner-pro-281204-281213/travel_planner_backend/src/api/schemas.py", "pattern": "/^    end_date: Optional[date] = Field(None, description=\"Trip end date\")$/", "language": "Python", "typeref": "typename:Optional[date]", "kind": "variable", "scope": "TripCreate", "scopeKind": "class"}, {"_type": "tag", "name": "end_date", "path": "/home/kavia/workspace/code-generation/travel-planner-pro-281204-281213/travel_planner_backend/src/api/schemas.py", "pattern": "/^    end_date: Optional[date] = Field(None, description=\"Trip end date\")$/", "language": "Python", "typeref": "typename:Optional[date]", "kind": "variable", "scope": "TripOut", "scopeKind": "class"}, {"_type": "tag", "name": "end_date", "path": "/home/kavia/workspace/code-generation/travel-planner-pro-281204-281213/travel_planner_backend/src/api/schemas.py", "pattern": "/^    end_date: Optional[date] = Field(None, description=\"Trip end date\")$/", "language": "Python", "typeref": "typename:Optional[date]", "kind": "variable", "scope": "TripUpdate", "scopeKind": "class"}, {"_type": "tag", "name": "end_time", "path": "/home/kavia/workspace/code-generation/travel-planner-pro-281204-281213/travel_planner_backend/src/api/schemas.py", "pattern": "/^    end_time: Optional[datetime] = Field(None, description=\"End time\")$/", "language": "Python", "typeref": "typename:Optional[datetime]", "kind": "variable", "scope": "ActivityCreate", "scopeKind": "class"}, {"_type": "tag", "name": "end_time", "path": "/home/kavia/workspace/code-generation/travel-planner-pro-281204-281213/travel_planner_backend/src/api/schemas.py", "pattern": "/^    end_time: Optional[datetime] = Field(None, description=\"End time\")$/", "language": "Python", "typeref": "typename:Optional[datetime]", "kind": "variable", "scope": "ActivityOut", "scopeKind": "class"}, {"_type": "tag", "name": "from_attributes", "path": "/home/kavia/workspace/code-generation/travel-planner-pro-281204-281213/travel_planner_backend/src/api/schemas.py", "pattern": "/^        from_attributes = True$/", "language": "Python", "kind": "variable", "scope": "AccommodationOut.Config", "scopeKind": "class"}, {"_type": "tag", "name": "from_attributes", "path": "/home/kavia/workspace/code-generation/travel-planner-pro-281204-281213/travel_planner_backend/src/api/schemas.py", "pattern": "/^        from_attributes = True$/", "language": "Python", "kind": "variable", "scope": "ActivityOut.Config", "scopeKind": "class"}, {"_type": "tag", "name": "from_attributes", "path": "/home/kavia/workspace/code-generation/travel-planner-pro-281204-281213/travel_planner_backend/src/api/schemas.py", "pattern": "/^        from_attributes = True$/", "language": "Python", "kind": "variable", "scope": "DayOut.Config", "scopeKind": "class"}, {"_type": "tag", "name": "from_attributes", "path": "/home/kavia/workspace/code-generation/travel-planner-pro-281204-281213/travel_planner_backend/src/api/schemas.py", "pattern": "/^        from_attributes = True$/", "language": "Python", "kind": "variable", "scope": "DestinationOut.Config", "scopeKind": "class"}, {"_type": "tag", "name": "from_attributes", "path": "/home/kavia/workspace/code-generation/travel-planner-pro-281204-281213/travel_planner_backend/src/api/schemas.py", "pattern": "/^        from_attributes = True$/", "language": "Python", "kind": "variable", "scope": "NoteOut.Config", "scopeKind": "class"}, {"_type": "tag", "name": "from_attributes", "path": "/home/kavia/workspace/code-generation/travel-planner-pro-281204-281213/travel_planner_backend/src/api/schemas.py", "pattern": "/^        from_attributes = True$/", "language": "Python", "kind": "variable", "scope": "TripOut.Config", "scopeKind": "class"}, {"_type": "tag", "name": "from_attributes", "path": "/home/kavia/workspace/code-generation/travel-planner-pro-281204-281213/travel_planner_backend/src/api/schemas.py", "pattern": "/^        from_attributes = True$/", "language": "Python", "kind": "variable", "scope": "UserOut.Config", "scopeKind": "class"}, {"_type": "tag", "name": "full_name", "path": "/home/kavia/workspace/code-generation/travel-planner-pro-281204-281213/travel_planner_backend/src/api/schemas.py", "pattern": "/^    full_name: str = Field(..., description=\"User full name\")$/", "language": "Python", "typeref": "typename:str", "kind": "variable", "scope": "UserOut", "scopeKind": "class"}, {"_type": "tag", "name": "full_name", "path": "/home/kavia/workspace/code-generation/travel-planner-pro-281204-281213/travel_planner_backend/src/api/schemas.py", "pattern": "/^    full_name: str = Field(..., description=\"User full name\", examples=[\"Alex Doe\"])$/", "language": "Python", "typeref": "typename:str", "kind": "variable", "scope": "UserCreate", "scopeKind": "class"}, {"_type": "tag", "name": "id", "path": "/home/kavia/workspace/code-generation/travel-planner-pro-281204-281213/travel_planner_backend/src/api/schemas.py", "pattern": "/^    id: UUID = Field(..., description=\"Accommodation id (UUID)\")$/", "language": "Python", "typeref": "typename:UUID", "kind": "variable", "scope": "AccommodationOut", "scopeKind": "class"}, {"_type": "tag", "name": "id", "path": "/home/kavia/workspace/code-generation/travel-planner-pro-281204-281213/travel_planner_backend/src/api/schemas.py", "pattern": "/^    id: UUID = Field(..., description=\"Activity id (UUID)\")$/", "language": "Python", "typeref": "typename:UUID", "kind": "variable", "scope": "ActivityOut", "scopeKind": "class"}, {"_type": "tag", "name": "id", "path": "/home/kavia/workspace/code-generation/travel-planner-pro-281204-281213/travel_planner_backend/src/api/schemas.py", "pattern": "/^    id: UUID = Field(..., description=\"Day id (UUID)\")$/", "language": "Python", "typeref": "typename:UUID", "kind": "variable", "scope": "DayOut", "scopeKind": "class"}, {"_type": "tag", "name": "id", "path": "/home/kavia/workspace/code-generation/travel-planner-pro-281204-281213/travel_planner_backend/src/api/schemas.py", "pattern": "/^    id: UUID = Field(..., description=\"Destination id (UUID)\")$/", "language": "Python", "typeref": "typename:UUID", "kind": "variable", "scope": "DestinationOut", "scopeKind": "class"}, {"_type": "tag", "name": "id", "path": "/home/kavia/workspace/code-generation/travel-planner-pro-281204-281213/travel_planner_backend/src/api/schemas.py", "pattern": "/^    id: UUID = Field(..., description=\"Note id (UUID)\")$/", "language": "Python", "typeref": "typename:UUID", "kind": "variable", "scope": "NoteOut", "scopeKind": "class"}, {"_type": "tag", "name": "id", "path": "/home/kavia/workspace/code-generation/travel-planner-pro-281204-281213/travel_planner_backend/src/api/schemas.py", "pattern": "/^    id: UUID = Field(..., description=\"Trip id (UUID)\")$/", "language": "Python", "typeref": "typename:UUID", "kind": "variable", "scope": "TripOut", "scopeKind": "class"}, {"_type": "tag", "name": "id", "path": "/home/kavia/workspace/code-generation/travel-planner-pro-281204-281213/travel_planner_backend/src/api/schemas.py", "pattern": "/^    id: UUID = Field(..., description=\"User id (UUID)\")$/", "language": "Python", "typeref": "typename:UUID", "kind": "variable", "scope": "UserOut", "scopeKind": "class"}, {"_type": "tag", "name": "location", "path": "/home/kavia/workspace/code-generation/travel-planner-pro-281204-281213/travel_planner_backend/src/api/schemas.py", "pattern": "/^    location: Optional[str] = Field(None, description=\"Location\")$/", "language": "Python", "typeref": "typename:Optional[str]", "kind": "variable", "scope": "ActivityCreate", "scopeKind": "class"}, {"_type": "tag", "name": "location", "path": "/home/kavia/workspace/code-generation/travel-planner-pro-281204-281213/travel_planner_backend/src/api/schemas.py", "pattern": "/^    location: Optional[str] = Field(None, description=\"Location\")$/", "language": "Python", "typeref": "typename:Optional[str]", "kind": "variable", "scope": "ActivityOut", "scopeKind": "class"}, {"_type": "tag", "name": "message", "path": "/home/kavia/workspace/code-generation/travel-planner-pro-281204-281213/travel_planner_backend/src/api/schemas.py", "pattern": "/^    message: str = Field(..., description=\"Human-readable status message\")$/", "language": "Python", "typeref": "typename:str", "kind": "variable", "scope": "ApiMessage", "scopeKind": "class"}], "hash": "348b71210c69f28c7b01869c029e68ae", "format-version": 4, "code-base-name": "travel_planner_backend", "filename": "travel_planner_backend/src/api/schemas.py", "fields": [{"name": "Optional[str] address", "scope": "AccommodationCreate", "scopeKind": "class", "description": "unavailable"}, {"name": "Optional[str] booking_url", "scope": "AccommodationCreate", "scopeKind": "class", "description": "unavailable"}, {"name": "Optional[datetime] check_in", "scope": "AccommodationCreate", "scopeKind": "class", "description": "unavailable"}, {"name": "Optional[datetime] check_out", "scope": "AccommodationCreate", "scopeKind": "class", "description": "unavailable"}, {"name": "Optional[str] confirmation_number", "scope": "AccommodationCreate", "scopeKind": "class", "description": "unavailable"}, {"name": "str content", "scope": "NoteOut", "scopeKind": "class", "description": "unavailable"}, {"name": "Optional[float] cost", "scope": "ActivityOut", "scopeKind": "class", "description": "unavailable"}, {"name": "Optional[str] country", "scope": "DestinationOut", "scopeKind": "class", "description": "unavailable"}, {"name": "datetime created_at", "scope": "AccommodationOut", "scopeKind": "class", "description": "unavailable"}, {"name": "date day_date", "scope": "DayCreate", "scopeKind": "class", "description": "unavailable"}, {"name": "Optional[UUID] day_id", "scope": "ActivityOut", "scopeKind": "class", "description": "unavailable"}, {"name": "Optional[UUID] destination_id", "scope": "AccommodationOut", "scopeKind": "class", "description": "unavailable"}, {"name": "str email", "scope": "UserOut", "scopeKind": "class", "description": "unavailable"}, {"name": "Optional[date] end_date", "scope": "DestinationCreate", "scopeKind": "class", "description": "unavailable"}, {"name": "Optional[datetime] end_time", "scope": "ActivityCreate", "scopeKind": "class", "description": "unavailable"}, {"name": "from_attributes = True", "scope": "AccommodationOut.Config", "scopeKind": "class", "description": "unavailable"}, {"name": "str full_name", "scope": "UserOut", "scopeKind": "class", "description": "unavailable"}, {"name": "UUID id", "scope": "AccommodationOut", "scopeKind": "class", "description": "unavailable"}, {"name": "Optional[str] location", "scope": "ActivityCreate", "scopeKind": "class", "description": "unavailable"}, {"name": "str message", "scope": "ApiMessage", "scopeKind": "class", "description": "unavailable"}], "revision_history": [{"15": ""}]}