{"is_source_file": true, "format": "Python", "description": "This file defines SQLAlchemy ORM models for the Travel Planner application's data layer, including models for users, trips, destinations, itinerary days, accommodations, activities, notes, and budget management.", "external_files": ["sqlalchemy", "sqlalchemy.dialects.postgresql"], "external_methods": ["func.now()"], "published": [], "classes": [{"name": "Base", "description": "Base class for SQLAlchemy models providing declarative base functionality."}, {"name": "User", "description": "Represents application users with unique emails and associated trips."}, {"name": "Trip", "description": "Represents a travel plan owned by a user, including related destinations, days, accommodations, activities, notes, and budget categories and expenses."}, {"name": "TripDestination", "description": "Represents a destination within a trip, with start and end dates."}, {"name": "ItineraryDay", "description": "Represents a specific day in a trip itinerary, with a unique date within a trip."}, {"name": "Accommodation", "description": "Represents lodging details for a trip destination."}, {"name": "Activity", "description": "Represents activities planned within a trip, linked to destinations and itinerary days."}, {"name": "ItineraryItem", "description": "Scheduled item within an itinerary day, can be an activity, accommodation, or custom event."}, {"name": "Note", "description": "Free-form notes associated with trips, destinations, or days."}, {"name": "BudgetCategory", "description": "Categorizes planned budget allocations for a trip."}, {"name": "BudgetExpense", "description": "Records actual expenses associated with budget categories for a trip."}], "methods": [{"name": "mapped_column", "description": "Defines a database-mapped column in SQLAlchemy models."}], "calls": ["func.now()"], "search-terms": ["SQLAlchemy ORM models", "TripDestination", "ItineraryDay", "BudgetCategory", "BudgetExpense"], "state": 2, "file_id": 6, "knowledge_revision": 19, "git_revision": "a1128d4908db42da4b3171694835e591cc976fe4", "revision_history": [{"13": ""}, {"18": "a1128d4908db42da4b3171694835e591cc976fe4"}, {"19": "a1128d4908db42da4b3171694835e591cc976fe4"}], "ctags": [{"_type": "tag", "name": "Accommodation", "path": "/home/kavia/workspace/code-generation/travel-planner-pro-281204-281213/travel_planner_backend/src/api/models.py", "pattern": "/^class Accommodation(Base):$/", "language": "Python", "kind": "class"}, {"_type": "tag", "name": "Activity", "path": "/home/kavia/workspace/code-generation/travel-planner-pro-281204-281213/travel_planner_backend/src/api/models.py", "pattern": "/^class Activity(Base):$/", "language": "Python", "kind": "class"}, {"_type": "tag", "name": "Base", "path": "/home/kavia/workspace/code-generation/travel-planner-pro-281204-281213/travel_planner_backend/src/api/models.py", "pattern": "/^class Base(DeclarativeBase):$/", "language": "Python", "kind": "class"}, {"_type": "tag", "name": "BudgetCategory", "path": "/home/kavia/workspace/code-generation/travel-planner-pro-281204-281213/travel_planner_backend/src/api/models.py", "pattern": "/^class BudgetCategory(Base):$/", "language": "Python", "kind": "class"}, {"_type": "tag", "name": "BudgetExpense", "path": "/home/kavia/workspace/code-generation/travel-planner-pro-281204-281213/travel_planner_backend/src/api/models.py", "pattern": "/^class BudgetExpense(Base):$/", "language": "Python", "kind": "class"}, {"_type": "tag", "name": "ItineraryDay", "path": "/home/kavia/workspace/code-generation/travel-planner-pro-281204-281213/travel_planner_backend/src/api/models.py", "pattern": "/^class ItineraryDay(Base):$/", "language": "Python", "kind": "class"}, {"_type": "tag", "name": "ItineraryItem", "path": "/home/kavia/workspace/code-generation/travel-planner-pro-281204-281213/travel_planner_backend/src/api/models.py", "pattern": "/^class ItineraryItem(Base):$/", "language": "Python", "kind": "class"}, {"_type": "tag", "name": "Note", "path": "/home/kavia/workspace/code-generation/travel-planner-pro-281204-281213/travel_planner_backend/src/api/models.py", "pattern": "/^class Note(Base):$/", "language": "Python", "kind": "class"}, {"_type": "tag", "name": "Trip", "path": "/home/kavia/workspace/code-generation/travel-planner-pro-281204-281213/travel_planner_backend/src/api/models.py", "pattern": "/^class Trip(Base):$/", "language": "Python", "kind": "class"}, {"_type": "tag", "name": "TripDestination", "path": "/home/kavia/workspace/code-generation/travel-planner-pro-281204-281213/travel_planner_backend/src/api/models.py", "pattern": "/^class TripDestination(Base):$/", "language": "Python", "kind": "class"}, {"_type": "tag", "name": "User", "path": "/home/kavia/workspace/code-generation/travel-planner-pro-281204-281213/travel_planner_backend/src/api/models.py", "pattern": "/^class User(Base):$/", "language": "Python", "kind": "class"}, {"_type": "tag", "name": "__table_args__", "path": "/home/kavia/workspace/code-generation/travel-planner-pro-281204-281213/travel_planner_backend/src/api/models.py", "pattern": "/^    __table_args__ = (UniqueConstraint(\"trip_id\", \"day_date\", name=\"uq_itinerary_days_trip_day_d/", "file": true, "language": "Python", "kind": "variable", "scope": "ItineraryDay", "scopeKind": "class"}, {"_type": "tag", "name": "__table_args__", "path": "/home/kavia/workspace/code-generation/travel-planner-pro-281204-281213/travel_planner_backend/src/api/models.py", "pattern": "/^    __table_args__ = (UniqueConstraint(\"trip_id\", \"name\", name=\"uq_budget_categories_trip_name\")/", "file": true, "language": "Python", "kind": "variable", "scope": "BudgetCategory", "scopeKind": "class"}, {"_type": "tag", "name": "__tablename__", "path": "/home/kavia/workspace/code-generation/travel-planner-pro-281204-281213/travel_planner_backend/src/api/models.py", "pattern": "/^    __tablename__ = \"accommodations\"$/", "file": true, "language": "Python", "kind": "variable", "scope": "Accommodation", "scopeKind": "class"}, {"_type": "tag", "name": "__tablename__", "path": "/home/kavia/workspace/code-generation/travel-planner-pro-281204-281213/travel_planner_backend/src/api/models.py", "pattern": "/^    __tablename__ = \"activities\"$/", "file": true, "language": "Python", "kind": "variable", "scope": "Activity", "scopeKind": "class"}, {"_type": "tag", "name": "__tablename__", "path": "/home/kavia/workspace/code-generation/travel-planner-pro-281204-281213/travel_planner_backend/src/api/models.py", "pattern": "/^    __tablename__ = \"budget_categories\"$/", "file": true, "language": "Python", "kind": "variable", "scope": "BudgetCategory", "scopeKind": "class"}, {"_type": "tag", "name": "__tablename__", "path": "/home/kavia/workspace/code-generation/travel-planner-pro-281204-281213/travel_planner_backend/src/api/models.py", "pattern": "/^    __tablename__ = \"budget_expenses\"$/", "file": true, "language": "Python", "kind": "variable", "scope": "BudgetExpense", "scopeKind": "class"}, {"_type": "tag", "name": "__tablename__", "path": "/home/kavia/workspace/code-generation/travel-planner-pro-281204-281213/travel_planner_backend/src/api/models.py", "pattern": "/^    __tablename__ = \"itinerary_days\"$/", "file": true, "language": "Python", "kind": "variable", "scope": "ItineraryDay", "scopeKind": "class"}, {"_type": "tag", "name": "__tablename__", "path": "/home/kavia/workspace/code-generation/travel-planner-pro-281204-281213/travel_planner_backend/src/api/models.py", "pattern": "/^    __tablename__ = \"itinerary_items\"$/", "file": true, "language": "Python", "kind": "variable", "scope": "ItineraryItem", "scopeKind": "class"}, {"_type": "tag", "name": "__tablename__", "path": "/home/kavia/workspace/code-generation/travel-planner-pro-281204-281213/travel_planner_backend/src/api/models.py", "pattern": "/^    __tablename__ = \"notes\"$/", "file": true, "language": "Python", "kind": "variable", "scope": "Note", "scopeKind": "class"}, {"_type": "tag", "name": "__tablename__", "path": "/home/kavia/workspace/code-generation/travel-planner-pro-281204-281213/travel_planner_backend/src/api/models.py", "pattern": "/^    __tablename__ = \"trip_destinations\"$/", "file": true, "language": "Python", "kind": "variable", "scope": "TripDestination", "scopeKind": "class"}, {"_type": "tag", "name": "__tablename__", "path": "/home/kavia/workspace/code-generation/travel-planner-pro-281204-281213/travel_planner_backend/src/api/models.py", "pattern": "/^    __tablename__ = \"trips\"$/", "file": true, "language": "Python", "kind": "variable", "scope": "Trip", "scopeKind": "class"}, {"_type": "tag", "name": "__tablename__", "path": "/home/kavia/workspace/code-generation/travel-planner-pro-281204-281213/travel_planner_backend/src/api/models.py", "pattern": "/^    __tablename__ = \"users\"$/", "file": true, "language": "Python", "kind": "variable", "scope": "User", "scopeKind": "class"}, {"_type": "tag", "name": "accommodation_id", "path": "/home/kavia/workspace/code-generation/travel-planner-pro-281204-281213/travel_planner_backend/src/api/models.py", "pattern": "/^    accommodation_id: Mapped[Optional[uuid.UUID]] = mapped_column(UUID(as_uuid=True), ForeignKey/", "language": "Python", "typeref": "typename:Mapped[Optional[uuid.UUID]]", "kind": "variable", "scope": "ItineraryItem", "scopeKind": "class"}, {"_type": "tag", "name": "accommodations", "path": "/home/kavia/workspace/code-generation/travel-planner-pro-281204-281213/travel_planner_backend/src/api/models.py", "pattern": "/^    accommodations: Mapped[list[\"Accommodation\"]] = relationship(back_populates=\"trip\", cascade=/", "language": "Python", "typeref": "typename:Mapped[list[\"Accommodation\"]]", "kind": "variable", "scope": "Trip", "scopeKind": "class"}, {"_type": "tag", "name": "activities", "path": "/home/kavia/workspace/code-generation/travel-planner-pro-281204-281213/travel_planner_backend/src/api/models.py", "pattern": "/^    activities: Mapped[list[\"Activity\"]] = relationship(back_populates=\"trip\", cascade=\"all, del/", "language": "Python", "typeref": "typename:Mapped[list[\"Activity\"]]", "kind": "variable", "scope": "Trip", "scopeKind": "class"}, {"_type": "tag", "name": "activity_id", "path": "/home/kavia/workspace/code-generation/travel-planner-pro-281204-281213/travel_planner_backend/src/api/models.py", "pattern": "/^    activity_id: Mapped[Optional[uuid.UUID]] = mapped_column(UUID(as_uuid=True), ForeignKey(\"act/", "language": "Python", "typeref": "typename:Mapped[Optional[uuid.UUID]]", "kind": "variable", "scope": "ItineraryItem", "scopeKind": "class"}, {"_type": "tag", "name": "address", "path": "/home/kavia/workspace/code-generation/travel-planner-pro-281204-281213/travel_planner_backend/src/api/models.py", "pattern": "/^    address: Mapped[Optional[str]] = mapped_column(Text, nullable=True)$/", "language": "Python", "typeref": "typename:Mapped[Optional[str]]", "kind": "variable", "scope": "Accommodation", "scopeKind": "class"}, {"_type": "tag", "name": "amount", "path": "/home/kavia/workspace/code-generation/travel-planner-pro-281204-281213/travel_planner_backend/src/api/models.py", "pattern": "/^    amount: Mapped[float] = mapped_column(Numeric(12, 2), nullable=False)$/", "language": "Python", "typeref": "typename:Mapped[float]", "kind": "variable", "scope": "BudgetExpense", "scopeKind": "class"}, {"_type": "tag", "name": "booking_url", "path": "/home/kavia/workspace/code-generation/travel-planner-pro-281204-281213/travel_planner_backend/src/api/models.py", "pattern": "/^    booking_url: Mapped[Optional[str]] = mapped_column(Text, nullable=True)$/", "language": "Python", "typeref": "typename:Mapped[Optional[str]]", "kind": "variable", "scope": "Accommodation", "scopeKind": "class"}, {"_type": "tag", "name": "booking_url", "path": "/home/kavia/workspace/code-generation/travel-planner-pro-281204-281213/travel_planner_backend/src/api/models.py", "pattern": "/^    booking_url: Mapped[Optional[str]] = mapped_column(Text, nullable=True)$/", "language": "Python", "typeref": "typename:Mapped[Optional[str]]", "kind": "variable", "scope": "Activity", "scopeKind": "class"}, {"_type": "tag", "name": "budget_categories", "path": "/home/kavia/workspace/code-generation/travel-planner-pro-281204-281213/travel_planner_backend/src/api/models.py", "pattern": "/^    budget_categories: Mapped[list[\"BudgetCategory\"]] = relationship(back_populates=\"trip\", casc/", "language": "Python", "typeref": "typename:Mapped[list[\"BudgetCategory\"]]", "kind": "variable", "scope": "Trip", "scopeKind": "class"}, {"_type": "tag", "name": "budget_expenses", "path": "/home/kavia/workspace/code-generation/travel-planner-pro-281204-281213/travel_planner_backend/src/api/models.py", "pattern": "/^    budget_expenses: Mapped[list[\"BudgetExpense\"]] = relationship(back_populates=\"trip\", cascade/", "language": "Python", "typeref": "typename:Mapped[list[\"BudgetExpense\"]]", "kind": "variable", "scope": "Trip", "scopeKind": "class"}, {"_type": "tag", "name": "category", "path": "/home/kavia/workspace/code-generation/travel-planner-pro-281204-281213/travel_planner_backend/src/api/models.py", "pattern": "/^    category: Mapped[Optional[\"BudgetCategory\"]] = relationship(back_populates=\"expenses\")$/", "language": "Python", "typeref": "typename:Mapped[Optional[\"BudgetCategory\"]]", "kind": "variable", "scope": "BudgetExpense", "scopeKind": "class"}, {"_type": "tag", "name": "category_id", "path": "/home/kavia/workspace/code-generation/travel-planner-pro-281204-281213/travel_planner_backend/src/api/models.py", "pattern": "/^    category_id: Mapped[Optional[uuid.UUID]] = mapped_column($/", "language": "Python", "typeref": "typename:Mapped[Optional[uuid.UUID]]", "kind": "variable", "scope": "BudgetExpense", "scopeKind": "class"}, {"_type": "tag", "name": "check_in", "path": "/home/kavia/workspace/code-generation/travel-planner-pro-281204-281213/travel_planner_backend/src/api/models.py", "pattern": "/^    check_in: Mapped[Optional[datetime]] = mapped_column(DateTime(timezone=True), nullable=True)$/", "language": "Python", "typeref": "typename:Mapped[Optional[datetime]]", "kind": "variable", "scope": "Accommodation", "scopeKind": "class"}, {"_type": "tag", "name": "check_out", "path": "/home/kavia/workspace/code-generation/travel-planner-pro-281204-281213/travel_planner_backend/src/api/models.py", "pattern": "/^    check_out: Mapped[Optional[datetime]] = mapped_column(DateTime(timezone=True), nullable=True/", "language": "Python", "typeref": "typename:Mapped[Optional[datetime]]", "kind": "variable", "scope": "Accommodation", "scopeKind": "class"}, {"_type": "tag", "name": "color", "path": "/home/kavia/workspace/code-generation/travel-planner-pro-281204-281213/travel_planner_backend/src/api/models.py", "pattern": "/^    color: Mapped[Optional[str]] = mapped_column(Text, nullable=True)$/", "language": "Python", "typeref": "typename:Mapped[Optional[str]]", "kind": "variable", "scope": "BudgetCategory", "scopeKind": "class"}, {"_type": "tag", "name": "confirmation_number", "path": "/home/kavia/workspace/code-generation/travel-planner-pro-281204-281213/travel_planner_backend/src/api/models.py", "pattern": "/^    confirmation_number: Mapped[Optional[str]] = mapped_column(Text, nullable=True)$/", "language": "Python", "typeref": "typename:Mapped[Optional[str]]", "kind": "variable", "scope": "Accommodation", "scopeKind": "class"}, {"_type": "tag", "name": "content", "path": "/home/kavia/workspace/code-generation/travel-planner-pro-281204-281213/travel_planner_backend/src/api/models.py", "pattern": "/^    content: Mapped[str] = mapped_column(Text, nullable=False)$/", "language": "Python", "typeref": "typename:Mapped[str]", "kind": "variable", "scope": "Note", "scopeKind": "class"}, {"_type": "tag", "name": "cost", "path": "/home/kavia/workspace/code-generation/travel-planner-pro-281204-281213/travel_planner_backend/src/api/models.py", "pattern": "/^    cost: Mapped[Optional[float]] = mapped_column(Numeric(12, 2), nullable=True)$/", "language": "Python", "typeref": "typename:Mapped[Optional[float]]", "kind": "variable", "scope": "Activity", "scopeKind": "class"}, {"_type": "tag", "name": "country", "path": "/home/kavia/workspace/code-generation/travel-planner-pro-281204-281213/travel_planner_backend/src/api/models.py", "pattern": "/^    country: Mapped[Optional[str]] = mapped_column(Text, nullable=True)$/", "language": "Python", "typeref": "typename:Mapped[Optional[str]]", "kind": "variable", "scope": "TripDestination", "scopeKind": "class"}, {"_type": "tag", "name": "created_at", "path": "/home/kavia/workspace/code-generation/travel-planner-pro-281204-281213/travel_planner_backend/src/api/models.py", "pattern": "/^    created_at: Mapped[datetime] = mapped_column(DateTime(timezone=True), server_default=func.no/", "language": "Python", "typeref": "typename:Mapped[datetime]", "kind": "variable", "scope": "Accommodation", "scopeKind": "class"}, {"_type": "tag", "name": "created_at", "path": "/home/kavia/workspace/code-generation/travel-planner-pro-281204-281213/travel_planner_backend/src/api/models.py", "pattern": "/^    created_at: Mapped[datetime] = mapped_column(DateTime(timezone=True), server_default=func.no/", "language": "Python", "typeref": "typename:Mapped[datetime]", "kind": "variable", "scope": "Activity", "scopeKind": "class"}, {"_type": "tag", "name": "created_at", "path": "/home/kavia/workspace/code-generation/travel-planner-pro-281204-281213/travel_planner_backend/src/api/models.py", "pattern": "/^    created_at: Mapped[datetime] = mapped_column(DateTime(timezone=True), server_default=func.no/", "language": "Python", "typeref": "typename:Mapped[datetime]", "kind": "variable", "scope": "BudgetCategory", "scopeKind": "class"}, {"_type": "tag", "name": "created_at", "path": "/home/kavia/workspace/code-generation/travel-planner-pro-281204-281213/travel_planner_backend/src/api/models.py", "pattern": "/^    created_at: Mapped[datetime] = mapped_column(DateTime(timezone=True), server_default=func.no/", "language": "Python", "typeref": "typename:Mapped[datetime]", "kind": "variable", "scope": "BudgetExpense", "scopeKind": "class"}, {"_type": "tag", "name": "created_at", "path": "/home/kavia/workspace/code-generation/travel-planner-pro-281204-281213/travel_planner_backend/src/api/models.py", "pattern": "/^    created_at: Mapped[datetime] = mapped_column(DateTime(timezone=True), server_default=func.no/", "language": "Python", "typeref": "typename:Mapped[datetime]", "kind": "variable", "scope": "ItineraryDay", "scopeKind": "class"}, {"_type": "tag", "name": "created_at", "path": "/home/kavia/workspace/code-generation/travel-planner-pro-281204-281213/travel_planner_backend/src/api/models.py", "pattern": "/^    created_at: Mapped[datetime] = mapped_column(DateTime(timezone=True), server_default=func.no/", "language": "Python", "typeref": "typename:Mapped[datetime]", "kind": "variable", "scope": "ItineraryItem", "scopeKind": "class"}, {"_type": "tag", "name": "created_at", "path": "/home/kavia/workspace/code-generation/travel-planner-pro-281204-281213/travel_planner_backend/src/api/models.py", "pattern": "/^    created_at: Mapped[datetime] = mapped_column(DateTime(timezone=True), server_default=func.no/", "language": "Python", "typeref": "typename:Mapped[datetime]", "kind": "variable", "scope": "Note", "scopeKind": "class"}, {"_type": "tag", "name": "created_at", "path": "/home/kavia/workspace/code-generation/travel-planner-pro-281204-281213/travel_planner_backend/src/api/models.py", "pattern": "/^    created_at: Mapped[datetime] = mapped_column(DateTime(timezone=True), server_default=func.no/", "language": "Python", "typeref": "typename:Mapped[datetime]", "kind": "variable", "scope": "Trip", "scopeKind": "class"}, {"_type": "tag", "name": "created_at", "path": "/home/kavia/workspace/code-generation/travel-planner-pro-281204-281213/travel_planner_backend/src/api/models.py", "pattern": "/^    created_at: Mapped[datetime] = mapped_column(DateTime(timezone=True), server_default=func.no/", "language": "Python", "typeref": "typename:Mapped[datetime]", "kind": "variable", "scope": "TripDestination", "scopeKind": "class"}, {"_type": "tag", "name": "created_at", "path": "/home/kavia/workspace/code-generation/travel-planner-pro-281204-281213/travel_planner_backend/src/api/models.py", "pattern": "/^    created_at: Mapped[datetime] = mapped_column(DateTime(timezone=True), server_default=func.no/", "language": "Python", "typeref": "typename:Mapped[datetime]", "kind": "variable", "scope": "User", "scopeKind": "class"}, {"_type": "tag", "name": "day", "path": "/home/kavia/workspace/code-generation/travel-planner-pro-281204-281213/travel_planner_backend/src/api/models.py", "pattern": "/^    day: Mapped[\"ItineraryDay\"] = relationship(back_populates=\"items\")$/", "language": "Python", "typeref": "typename:Mapped[\"ItineraryDay\"]", "kind": "variable", "scope": "ItineraryItem", "scopeKind": "class"}, {"_type": "tag", "name": "day_date", "path": "/home/kavia/workspace/code-generation/travel-planner-pro-281204-281213/travel_planner_backend/src/api/models.py", "pattern": "/^    day_date: Mapped[date] = mapped_column(Date, nullable=False)$/", "language": "Python", "typeref": "typename:Mapped[date]", "kind": "variable", "scope": "ItineraryDay", "scopeKind": "class"}, {"_type": "tag", "name": "day_id", "path": "/home/kavia/workspace/code-generation/travel-planner-pro-281204-281213/travel_planner_backend/src/api/models.py", "pattern": "/^    day_id: Mapped[Optional[uuid.UUID]] = mapped_column(UUID(as_uuid=True), ForeignKey(\"itinerar/", "language": "Python", "typeref": "typename:Mapped[Optional[uuid.UUID]]", "kind": "variable", "scope": "Activity", "scopeKind": "class"}, {"_type": "tag", "name": "day_id", "path": "/home/kavia/workspace/code-generation/travel-planner-pro-281204-281213/travel_planner_backend/src/api/models.py", "pattern": "/^    day_id: Mapped[Optional[uuid.UUID]] = mapped_column(UUID(as_uuid=True), ForeignKey(\"itinerar/", "language": "Python", "typeref": "typename:Mapped[Optional[uuid.UUID]]", "kind": "variable", "scope": "Note", "scopeKind": "class"}, {"_type": "tag", "name": "day_id", "path": "/home/kavia/workspace/code-generation/travel-planner-pro-281204-281213/travel_planner_backend/src/api/models.py", "pattern": "/^    day_id: Mapped[uuid.UUID] = mapped_column(UUID(as_uuid=True), ForeignKey(\"itinerary_days.id\"/", "language": "Python", "typeref": "typename:Mapped[uuid.UUID]", "kind": "variable", "scope": "ItineraryItem", "scopeKind": "class"}, {"_type": "tag", "name": "days", "path": "/home/kavia/workspace/code-generation/travel-planner-pro-281204-281213/travel_planner_backend/src/api/models.py", "pattern": "/^    days: Mapped[list[\"ItineraryDay\"]] = relationship(back_populates=\"trip\", cascade=\"all, delet/", "language": "Python", "typeref": "typename:Mapped[list[\"ItineraryDay\"]]", "kind": "variable", "scope": "Trip", "scopeKind": "class"}, {"_type": "tag", "name": "description", "path": "/home/kavia/workspace/code-generation/travel-planner-pro-281204-281213/travel_planner_backend/src/api/models.py", "pattern": "/^    description: Mapped[Optional[str]] = mapped_column(Text, nullable=True)$/", "language": "Python", "typeref": "typename:Mapped[Optional[str]]", "kind": "variable", "scope": "BudgetExpense", "scopeKind": "class"}, {"_type": "tag", "name": "destination_id", "path": "/home/kavia/workspace/code-generation/travel-planner-pro-281204-281213/travel_planner_backend/src/api/models.py", "pattern": "/^    destination_id: Mapped[Optional[uuid.UUID]] = mapped_column(UUID(as_uuid=True), ForeignKey(\"/", "language": "Python", "typeref": "typename:Mapped[Optional[uuid.UUID]]", "kind": "variable", "scope": "Accommodation", "scopeKind": "class"}, {"_type": "tag", "name": "destination_id", "path": "/home/kavia/workspace/code-generation/travel-planner-pro-281204-281213/travel_planner_backend/src/api/models.py", "pattern": "/^    destination_id: Mapped[Optional[uuid.UUID]] = mapped_column(UUID(as_uuid=True), ForeignKey(\"/", "language": "Python", "typeref": "typename:Mapped[Optional[uuid.UUID]]", "kind": "variable", "scope": "Activity", "scopeKind": "class"}, {"_type": "tag", "name": "destination_id", "path": "/home/kavia/workspace/code-generation/travel-planner-pro-281204-281213/travel_planner_backend/src/api/models.py", "pattern": "/^    destination_id: Mapped[Optional[uuid.UUID]] = mapped_column(UUID(as_uuid=True), ForeignKey(\"/", "language": "Python", "typeref": "typename:Mapped[Optional[uuid.UUID]]", "kind": "variable", "scope": "Note", "scopeKind": "class"}, {"_type": "tag", "name": "destinations", "path": "/home/kavia/workspace/code-generation/travel-planner-pro-281204-281213/travel_planner_backend/src/api/models.py", "pattern": "/^    destinations: Mapped[list[\"TripDestination\"]] = relationship(back_populates=\"trip\", cascade=/", "language": "Python", "typeref": "typename:Mapped[list[\"TripDestination\"]]", "kind": "variable", "scope": "Trip", "scopeKind": "class"}, {"_type": "tag", "name": "details", "path": "/home/kavia/workspace/code-generation/travel-planner-pro-281204-281213/travel_planner_backend/src/api/models.py", "pattern": "/^    details: Mapped[Optional[str]] = mapped_column(Text, nullable=True)$/", "language": "Python", "typeref": "typename:Mapped[Optional[str]]", "kind": "variable", "scope": "ItineraryItem", "scopeKind": "class"}, {"_type": "tag", "name": "email", "path": "/home/kavia/workspace/code-generation/travel-planner-pro-281204-281213/travel_planner_backend/src/api/models.py", "pattern": "/^    email: Mapped[str] = mapped_column(Text, unique=True, nullable=False)$/", "language": "Python", "typeref": "typename:Mapped[str]", "kind": "variable", "scope": "User", "scopeKind": "class"}, {"_type": "tag", "name": "end_date", "path": "/home/kavia/workspace/code-generation/travel-planner-pro-281204-281213/travel_planner_backend/src/api/models.py", "pattern": "/^    end_date: Mapped[Optional[date]] = mapped_column(Date, nullable=True)$/", "language": "Python", "typeref": "typename:Mapped[Optional[date]]", "kind": "variable", "scope": "Trip", "scopeKind": "class"}, {"_type": "tag", "name": "end_date", "path": "/home/kavia/workspace/code-generation/travel-planner-pro-281204-281213/travel_planner_backend/src/api/models.py", "pattern": "/^    end_date: Mapped[Optional[date]] = mapped_column(Date, nullable=True)$/", "language": "Python", "typeref": "typename:Mapped[Optional[date]]", "kind": "variable", "scope": "TripDestination", "scopeKind": "class"}, {"_type": "tag", "name": "end_time", "path": "/home/kavia/workspace/code-generation/travel-planner-pro-281204-281213/travel_planner_backend/src/api/models.py", "pattern": "/^    end_time: Mapped[Optional[datetime]] = mapped_column(DateTime(timezone=True), nullable=True)$/", "language": "Python", "typeref": "typename:Mapped[Optional[datetime]]", "kind": "variable", "scope": "Activity", "scopeKind": "class"}, {"_type": "tag", "name": "end_time", "path": "/home/kavia/workspace/code-generation/travel-planner-pro-281204-281213/travel_planner_backend/src/api/models.py", "pattern": "/^    end_time: Mapped[Optional[datetime]] = mapped_column(DateTime(timezone=True), nullable=True)$/", "language": "Python", "typeref": "typename:Mapped[Optional[datetime]]", "kind": "variable", "scope": "ItineraryItem", "scopeKind": "class"}, {"_type": "tag", "name": "expenses", "path": "/home/kavia/workspace/code-generation/travel-planner-pro-281204-281213/travel_planner_backend/src/api/models.py", "pattern": "/^    expenses: Mapped[list[\"BudgetExpense\"]] = relationship($/", "language": "Python", "typeref": "typename:Mapped[list[\"BudgetExpense\"]]", "kind": "variable", "scope": "BudgetCategory", "scopeKind": "class"}, {"_type": "tag", "name": "full_name", "path": "/home/kavia/workspace/code-generation/travel-planner-pro-281204-281213/travel_planner_backend/src/api/models.py", "pattern": "/^    full_name: Mapped[str] = mapped_column(Text, nullable=False)$/", "language": "Python", "typeref": "typename:Mapped[str]", "kind": "variable", "scope": "User", "scopeKind": "class"}, {"_type": "tag", "name": "home_timezone", "path": "/home/kavia/workspace/code-generation/travel-planner-pro-281204-281213/travel_planner_backend/src/api/models.py", "pattern": "/^    home_timezone: Mapped[Optional[str]] = mapped_column(Text, nullable=True)$/", "language": "Python", "typeref": "typename:Mapped[Optional[str]]", "kind": "variable", "scope": "Trip", "scopeKind": "class"}, {"_type": "tag", "name": "id", "path": "/home/kavia/workspace/code-generation/travel-planner-pro-281204-281213/travel_planner_backend/src/api/models.py", "pattern": "/^    id: Mapped[uuid.UUID] = mapped_column(UUID(as_uuid=True), primary_key=True, default=uuid.uui/", "language": "Python", "typeref": "typename:Mapped[uuid.UUID]", "kind": "variable", "scope": "Accommodation", "scopeKind": "class"}, {"_type": "tag", "name": "id", "path": "/home/kavia/workspace/code-generation/travel-planner-pro-281204-281213/travel_planner_backend/src/api/models.py", "pattern": "/^    id: Mapped[uuid.UUID] = mapped_column(UUID(as_uuid=True), primary_key=True, default=uuid.uui/", "language": "Python", "typeref": "typename:Mapped[uuid.UUID]", "kind": "variable", "scope": "Activity", "scopeKind": "class"}, {"_type": "tag", "name": "id", "path": "/home/kavia/workspace/code-generation/travel-planner-pro-281204-281213/travel_planner_backend/src/api/models.py", "pattern": "/^    id: Mapped[uuid.UUID] = mapped_column(UUID(as_uuid=True), primary_key=True, default=uuid.uui/", "language": "Python", "typeref": "typename:Mapped[uuid.UUID]", "kind": "variable", "scope": "BudgetCategory", "scopeKind": "class"}, {"_type": "tag", "name": "id", "path": "/home/kavia/workspace/code-generation/travel-planner-pro-281204-281213/travel_planner_backend/src/api/models.py", "pattern": "/^    id: Mapped[uuid.UUID] = mapped_column(UUID(as_uuid=True), primary_key=True, default=uuid.uui/", "language": "Python", "typeref": "typename:Mapped[uuid.UUID]", "kind": "variable", "scope": "BudgetExpense", "scopeKind": "class"}, {"_type": "tag", "name": "id", "path": "/home/kavia/workspace/code-generation/travel-planner-pro-281204-281213/travel_planner_backend/src/api/models.py", "pattern": "/^    id: Mapped[uuid.UUID] = mapped_column(UUID(as_uuid=True), primary_key=True, default=uuid.uui/", "language": "Python", "typeref": "typename:Mapped[uuid.UUID]", "kind": "variable", "scope": "ItineraryDay", "scopeKind": "class"}, {"_type": "tag", "name": "id", "path": "/home/kavia/workspace/code-generation/travel-planner-pro-281204-281213/travel_planner_backend/src/api/models.py", "pattern": "/^    id: Mapped[uuid.UUID] = mapped_column(UUID(as_uuid=True), primary_key=True, default=uuid.uui/", "language": "Python", "typeref": "typename:Mapped[uuid.UUID]", "kind": "variable", "scope": "ItineraryItem", "scopeKind": "class"}, {"_type": "tag", "name": "id", "path": "/home/kavia/workspace/code-generation/travel-planner-pro-281204-281213/travel_planner_backend/src/api/models.py", "pattern": "/^    id: Mapped[uuid.UUID] = mapped_column(UUID(as_uuid=True), primary_key=True, default=uuid.uui/", "language": "Python", "typeref": "typename:Mapped[uuid.UUID]", "kind": "variable", "scope": "Note", "scopeKind": "class"}, {"_type": "tag", "name": "id", "path": "/home/kavia/workspace/code-generation/travel-planner-pro-281204-281213/travel_planner_backend/src/api/models.py", "pattern": "/^    id: Mapped[uuid.UUID] = mapped_column(UUID(as_uuid=True), primary_key=True, default=uuid.uui/", "language": "Python", "typeref": "typename:Mapped[uuid.UUID]", "kind": "variable", "scope": "Trip", "scopeKind": "class"}, {"_type": "tag", "name": "id", "path": "/home/kavia/workspace/code-generation/travel-planner-pro-281204-281213/travel_planner_backend/src/api/models.py", "pattern": "/^    id: Mapped[uuid.UUID] = mapped_column(UUID(as_uuid=True), primary_key=True, default=uuid.uui/", "language": "Python", "typeref": "typename:Mapped[uuid.UUID]", "kind": "variable", "scope": "TripDestination", "scopeKind": "class"}], "hash": "c498a158e42beb488fd7d5f3398d91e7", "format-version": 4, "code-base-name": "travel_planner_backend", "filename": "travel_planner_backend/src/api/models.py", "fields": [{"name": "__table_args__ = (UniqueConstraint(\"trip_id\", \"day_date\", name=\"uq_itinerary_days_trip_day_d/", "scope": "ItineraryDay", "scopeKind": "class", "description": "unavailable"}, {"name": "__table_args__ = (UniqueConstraint(\"trip_id\", \"name\", name=\"uq_budget_categories_trip_name\")/", "scope": "BudgetCategory", "scopeKind": "class", "description": "unavailable"}, {"name": "__tablename__ = \"accommodations\"", "scope": "Accommodation", "scopeKind": "class", "description": "unavailable"}, {"name": "__tablename__ = \"activities\"", "scope": "Activity", "scopeKind": "class", "description": "unavailable"}, {"name": "__tablename__ = \"budget_categories\"", "scope": "BudgetCategory", "scopeKind": "class", "description": "unavailable"}, {"name": "__tablename__ = \"budget_expenses\"", "scope": "BudgetExpense", "scopeKind": "class", "description": "unavailable"}, {"name": "__tablename__ = \"itinerary_days\"", "scope": "ItineraryDay", "scopeKind": "class", "description": "unavailable"}, {"name": "__tablename__ = \"itinerary_items\"", "scope": "ItineraryItem", "scopeKind": "class", "description": "unavailable"}, {"name": "__tablename__ = \"notes\"", "scope": "Note", "scopeKind": "class", "description": "unavailable"}, {"name": "__tablename__ = \"trip_destinations\"", "scope": "TripDestination", "scopeKind": "class", "description": "unavailable"}, {"name": "__tablename__ = \"trips\"", "scope": "Trip", "scopeKind": "class", "description": "unavailable"}, {"name": "__tablename__ = \"users\"", "scope": "User", "scopeKind": "class", "description": "unavailable"}, {"name": "Mapped[Optional[uuid.UUID]] accommodation_id", "scope": "ItineraryItem", "scopeKind": "class", "description": "unavailable"}, {"name": "Mapped[list[\"Accommodation\"]] accommodations", "scope": "Trip", "scopeKind": "class", "description": "unavailable"}, {"name": "Mapped[list[\"Activity\"]] activities", "scope": "Trip", "scopeKind": "class", "description": "unavailable"}, {"name": "Mapped[Optional[uuid.UUID]] activity_id", "scope": "ItineraryItem", "scopeKind": "class", "description": "unavailable"}, {"name": "Mapped[Optional[str]] address", "scope": "Accommodation", "scopeKind": "class", "description": "unavailable"}, {"name": "Mapped[float] amount", "scope": "BudgetExpense", "scopeKind": "class", "description": "unavailable"}, {"name": "Mapped[Optional[str]] booking_url", "scope": "Accommodation", "scopeKind": "class", "description": "unavailable"}, {"name": "Mapped[list[\"BudgetCategory\"]] budget_categories", "scope": "Trip", "scopeKind": "class", "description": "unavailable"}, {"name": "Mapped[list[\"BudgetExpense\"]] budget_expenses", "scope": "Trip", "scopeKind": "class", "description": "unavailable"}, {"name": "Mapped[Optional[\"BudgetCategory\"]] category", "scope": "BudgetExpense", "scopeKind": "class", "description": "unavailable"}, {"name": "Mapped[Optional[uuid.UUID]] category_id", "scope": "BudgetExpense", "scopeKind": "class", "description": "unavailable"}, {"name": "Mapped[Optional[datetime]] check_in", "scope": "Accommodation", "scopeKind": "class", "description": "unavailable"}, {"name": "Mapped[Optional[datetime]] check_out", "scope": "Accommodation", "scopeKind": "class", "description": "unavailable"}, {"name": "Mapped[Optional[str]] color", "scope": "BudgetCategory", "scopeKind": "class", "description": "unavailable"}, {"name": "Mapped[Optional[str]] confirmation_number", "scope": "Accommodation", "scopeKind": "class", "description": "unavailable"}, {"name": "Mapped[str] content", "scope": "Note", "scopeKind": "class", "description": "unavailable"}, {"name": "Mapped[Optional[float]] cost", "scope": "Activity", "scopeKind": "class", "description": "unavailable"}, {"name": "Mapped[Optional[str]] country", "scope": "TripDestination", "scopeKind": "class", "description": "unavailable"}, {"name": "Mapped[datetime] created_at", "scope": "Accommodation", "scopeKind": "class", "description": "unavailable"}, {"name": "Mapped[\"ItineraryDay\"] day", "scope": "ItineraryItem", "scopeKind": "class", "description": "unavailable"}, {"name": "Mapped[date] day_date", "scope": "ItineraryDay", "scopeKind": "class", "description": "unavailable"}, {"name": "Mapped[Optional[uuid.UUID]] day_id", "scope": "Activity", "scopeKind": "class", "description": "unavailable"}, {"name": "Mapped[uuid.UUID] day_id", "scope": "ItineraryItem", "scopeKind": "class", "description": "unavailable"}, {"name": "Mapped[list[\"ItineraryDay\"]] days", "scope": "Trip", "scopeKind": "class", "description": "unavailable"}, {"name": "Mapped[Optional[str]] description", "scope": "BudgetExpense", "scopeKind": "class", "description": "unavailable"}, {"name": "Mapped[Optional[uuid.UUID]] destination_id", "scope": "Accommodation", "scopeKind": "class", "description": "unavailable"}, {"name": "Mapped[list[\"TripDestination\"]] destinations", "scope": "Trip", "scopeKind": "class", "description": "unavailable"}, {"name": "Mapped[Optional[str]] details", "scope": "ItineraryItem", "scopeKind": "class", "description": "unavailable"}, {"name": "Mapped[str] email", "scope": "User", "scopeKind": "class", "description": "unavailable"}, {"name": "Mapped[Optional[date]] end_date", "scope": "Trip", "scopeKind": "class", "description": "unavailable"}, {"name": "Mapped[Optional[datetime]] end_time", "scope": "Activity", "scopeKind": "class", "description": "unavailable"}, {"name": "Mapped[list[\"BudgetExpense\"]] expenses", "scope": "BudgetCategory", "scopeKind": "class", "description": "unavailable"}, {"name": "Mapped[str] full_name", "scope": "User", "scopeKind": "class", "description": "unavailable"}, {"name": "Mapped[Optional[str]] home_timezone", "scope": "Trip", "scopeKind": "class", "description": "unavailable"}, {"name": "Mapped[uuid.UUID] id", "scope": "Accommodation", "scopeKind": "class", "description": "unavailable"}]}