{"is_source_file": false, "format": "", "description": "", "external_files": [], "external_methods": [], "published": [], "classes": [], "methods": [], "calls": [], "search-terms": [], "state": 2, "file_id": 3, "knowledge_revision": 17, "git_revision": "4bbd4ba6f7d5edfe03ba15b15c41fa86a520b432", "revision_history": [{"8": "4bbd4ba6f7d5edfe03ba15b15c41fa86a520b432"}, {"17": "4bbd4ba6f7d5edfe03ba15b15c41fa86a520b432"}], "ctags": [], "hash": "bb0ed82f7867a85299f04cb12d123e60", "format-version": 4, "code-base-name": "travel_planner_backend", "filename": "travel_planner_backend/src/api/__init__.py"}